year,month,sector,co2_mt,date,month_sin,month_cos,year_norm,sector_id,category_id
1990,1,cement,3.378,1990-01-01,0.49999999999999994,0.8660254037844387,0.0,3,1
1990,2,cement,2.915,1990-02-01,0.8660254037844386,0.5000000000000001,0.0,3,1
1990,3,cement,3.603,1990-03-01,1.0,6.123233995736766e-17,0.0,3,1
1990,4,cement,4.029,1990-04-01,0.8660254037844387,-0.4999999999999998,0.0,3,1
1990,5,cement,4.034,1990-05-01,0.49999999999999994,-0.8660254037844387,0.0,3,1
1990,6,cement,3.87,1990-06-01,1.2246467991473532e-16,-1.0,0.0,3,1
1990,7,cement,4.077,1990-07-01,-0.4999999999999997,-0.8660254037844388,0.0,3,1
1990,8,cement,3.965,1990-08-01,-0.8660254037844384,-0.5000000000000004,0.0,3,1
1990,9,cement,3.9,1990-09-01,-1.0,-1.8369701987210297e-16,0.0,3,1
1990,10,cement,3.249,1990-10-01,-0.8660254037844386,0.5000000000000001,0.0,3,1
1990,11,cement,3.96,1990-11-01,-0.5000000000000004,0.8660254037844384,0.0,3,1
1990,12,cement,3.611,1990-12-01,-2.4492935982947064e-16,1.0,0.0,3,1
1991,1,cement,3.903,1991-01-01,0.49999999999999994,0.8660254037844387,0.030303030303030304,3,1
1991,2,cement,3.304,1991-02-01,0.8660254037844386,0.5000000000000001,0.030303030303030304,3,1
1991,3,cement,4.096,1991-03-01,1.0,6.123233995736766e-17,0.030303030303030304,3,1
1991,4,cement,4.11,1991-04-01,0.8660254037844387,-0.4999999999999998,0.030303030303030304,3,1
1991,5,cement,4.172,1991-05-01,0.49999999999999994,-0.8660254037844387,0.030303030303030304,3,1
1991,6,cement,4.638,1991-06-01,1.2246467991473532e-16,-1.0,0.030303030303030304,3,1
1991,7,cement,4.657,1991-07-01,-0.4999999999999997,-0.8660254037844388,0.030303030303030304,3,1
1991,8,cement,4.196,1991-08-01,-0.8660254037844384,-0.5000000000000004,0.030303030303030304,3,1
1991,9,cement,3.914,1991-09-01,-1.0,-1.8369701987210297e-16,0.030303030303030304,3,1
1991,10,cement,4.004,1991-10-01,-0.8660254037844386,0.5000000000000001,0.030303030303030304,3,1
1991,11,cement,3.292,1991-11-01,-0.5000000000000004,0.8660254037844384,0.030303030303030304,3,1
1991,12,cement,4.03,1991-12-01,-2.4492935982947064e-16,1.0,0.030303030303030304,3,1
1992,1,cement,3.653,1992-01-01,0.49999999999999994,0.8660254037844387,0.06060606060606061,3,1
1992,2,cement,3.48,1992-02-01,0.8660254037844386,0.5000000000000001,0.06060606060606061,3,1
1992,3,cement,4.522,1992-03-01,1.0,6.123233995736766e-17,0.06060606060606061,3,1
1992,4,cement,4.7,1992-04-01,0.8660254037844387,-0.4999999999999998,0.06060606060606061,3,1
1992,5,cement,4.195,1992-05-01,0.49999999999999994,-0.8660254037844387,0.06060606060606061,3,1
1992,6,cement,4.671,1992-06-01,1.2246467991473532e-16,-1.0,0.06060606060606061,3,1
1992,7,cement,4.394,1992-07-01,-0.4999999999999997,-0.8660254037844388,0.06060606060606061,3,1
1992,8,cement,4.572,1992-08-01,-0.8660254037844384,-0.5000000000000004,0.06060606060606061,3,1
1992,9,cement,4.343,1992-09-01,-1.0,-1.8369701987210297e-16,0.06060606060606061,3,1
1992,10,cement,3.97,1992-10-01,-0.8660254037844386,0.5000000000000001,0.06060606060606061,3,1
1992,11,cement,4.284,1992-11-01,-0.5000000000000004,0.8660254037844384,0.06060606060606061,3,1
1992,12,cement,4.449,1992-12-01,-2.4492935982947064e-16,1.0,0.06060606060606061,3,1
1993,1,cement,4.423,1993-01-01,0.49999999999999994,0.8660254037844387,0.09090909090909091,3,1
1993,2,cement,3.759,1993-02-01,0.8660254037844386,0.5000000000000001,0.09090909090909091,3,1
1993,3,cement,4.46,1993-03-01,1.0,6.123233995736766e-17,0.09090909090909091,3,1
1993,4,cement,4.611,1993-04-01,0.8660254037844387,-0.4999999999999998,0.09090909090909091,3,1
1993,5,cement,4.931,1993-05-01,0.49999999999999994,-0.8660254037844387,0.09090909090909091,3,1
1993,6,cement,5.32,1993-06-01,1.2246467991473532e-16,-1.0,0.09090909090909091,3,1
1993,7,cement,4.823,1993-07-01,-0.4999999999999997,-0.8660254037844388,0.09090909090909091,3,1
1993,8,cement,4.931,1993-08-01,-0.8660254037844384,-0.5000000000000004,0.09090909090909091,3,1
1993,9,cement,4.701,1993-09-01,-1.0,-1.8369701987210297e-16,0.09090909090909091,3,1
1993,10,cement,3.851,1993-10-01,-0.8660254037844386,0.5000000000000001,0.09090909090909091,3,1
1993,11,cement,4.568,1993-11-01,-0.5000000000000004,0.8660254037844384,0.09090909090909091,3,1
1993,12,cement,4.077,1993-12-01,-2.4492935982947064e-16,1.0,0.09090909090909091,3,1
1994,1,cement,4.277,1994-01-01,0.49999999999999994,0.8660254037844387,0.12121212121212122,3,1
1994,2,cement,4.578,1994-02-01,0.8660254037844386,0.5000000000000001,0.12121212121212122,3,1
1994,3,cement,4.854,1994-03-01,1.0,6.123233995736766e-17,0.12121212121212122,3,1
1994,4,cement,4.917,1994-04-01,0.8660254037844387,-0.4999999999999998,0.12121212121212122,3,1
1994,5,cement,5.346,1994-05-01,0.49999999999999994,-0.8660254037844387,0.12121212121212122,3,1
1994,6,cement,5.357,1994-06-01,1.2246467991473532e-16,-1.0,0.12121212121212122,3,1
1994,7,cement,5.238,1994-07-01,-0.4999999999999997,-0.8660254037844388,0.12121212121212122,3,1
1994,8,cement,5.291,1994-08-01,-0.8660254037844384,-0.5000000000000004,0.12121212121212122,3,1
1994,9,cement,4.757,1994-09-01,-1.0,-1.8369701987210297e-16,0.12121212121212122,3,1
1994,10,cement,4.648,1994-10-01,-0.8660254037844386,0.5000000000000001,0.12121212121212122,3,1
1994,11,cement,4.393,1994-11-01,-0.5000000000000004,0.8660254037844384,0.12121212121212122,3,1
1994,12,cement,4.609,1994-12-01,-2.4492935982947064e-16,1.0,0.12121212121212122,3,1
1995,1,cement,4.79,1995-01-01,0.49999999999999994,0.8660254037844387,0.15151515151515152,3,1
1995,2,cement,4.987,1995-02-01,0.8660254037844386,0.5000000000000001,0.15151515151515152,3,1
1995,3,cement,5.482,1995-03-01,1.0,6.123233995736766e-17,0.15151515151515152,3,1
1995,4,cement,5.385,1995-04-01,0.8660254037844387,-0.4999999999999998,0.15151515151515152,3,1
1995,5,cement,6.216,1995-05-01,0.49999999999999994,-0.8660254037844387,0.15151515151515152,3,1
1995,6,cement,5.692,1995-06-01,1.2246467991473532e-16,-1.0,0.15151515151515152,3,1
1995,7,cement,5.464,1995-07-01,-0.4999999999999997,-0.8660254037844388,0.15151515151515152,3,1
1995,8,cement,5.823,1995-08-01,-0.8660254037844384,-0.5000000000000004,0.15151515151515152,3,1
1995,9,cement,5.785,1995-09-01,-1.0,-1.8369701987210297e-16,0.15151515151515152,3,1
1995,10,cement,5.06,1995-10-01,-0.8660254037844386,0.5000000000000001,0.15151515151515152,3,1
1995,11,cement,4.558,1995-11-01,-0.5000000000000004,0.8660254037844384,0.15151515151515152,3,1
1995,12,cement,5.36,1995-12-01,-2.4492935982947064e-16,1.0,0.15151515151515152,3,1
1996,1,cement,4.473,1996-01-01,0.49999999999999994,0.8660254037844387,0.18181818181818182,3,1
1996,2,cement,4.373,1996-02-01,0.8660254037844386,0.5000000000000001,0.18181818181818182,3,1
1996,3,cement,5.546,1996-03-01,1.0,6.123233995736766e-17,0.18181818181818182,3,1
1996,4,cement,6.013,1996-04-01,0.8660254037844387,-0.4999999999999998,0.18181818181818182,3,1
1996,5,cement,6.202,1996-05-01,0.49999999999999994,-0.8660254037844387,0.18181818181818182,3,1
1996,6,cement,6.379,1996-06-01,1.2246467991473532e-16,-1.0,0.18181818181818182,3,1
1996,7,cement,5.377,1996-07-01,-0.4999999999999997,-0.8660254037844388,0.18181818181818182,3,1
1996,8,cement,6.054,1996-08-01,-0.8660254037844384,-0.5000000000000004,0.18181818181818182,3,1
1996,9,cement,5.858,1996-09-01,-1.0,-1.8369701987210297e-16,0.18181818181818182,3,1
1996,10,cement,5.509,1996-10-01,-0.8660254037844386,0.5000000000000001,0.18181818181818182,3,1
1996,11,cement,5.602,1996-11-01,-0.5000000000000004,0.8660254037844384,0.18181818181818182,3,1
1996,12,cement,5.272,1996-12-01,-2.4492935982947064e-16,1.0,0.18181818181818182,3,1
1997,1,cement,6.551,1997-01-01,0.49999999999999994,0.8660254037844387,0.21212121212121213,3,1
1997,2,cement,4.813,1997-02-01,0.8660254037844386,0.5000000000000001,0.21212121212121213,3,1
1997,3,cement,5.647,1997-03-01,1.0,6.123233995736766e-17,0.21212121212121213,3,1
1997,4,cement,6.686,1997-04-01,0.8660254037844387,-0.4999999999999998,0.21212121212121213,3,1
1997,5,cement,6.431,1997-05-01,0.49999999999999994,-0.8660254037844387,0.21212121212121213,3,1
1997,6,cement,6.302,1997-06-01,1.2246467991473532e-16,-1.0,0.21212121212121213,3,1
1997,7,cement,6.076,1997-07-01,-0.4999999999999997,-0.8660254037844388,0.21212121212121213,3,1
1997,8,cement,6.397,1997-08-01,-0.8660254037844384,-0.5000000000000004,0.21212121212121213,3,1
1997,9,cement,6.097,1997-09-01,-1.0,-1.8369701987210297e-16,0.21212121212121213,3,1
1997,10,cement,6.459,1997-10-01,-0.8660254037844386,0.5000000000000001,0.21212121212121213,3,1
1997,11,cement,6.716,1997-11-01,-0.5000000000000004,0.8660254037844384,0.21212121212121213,3,1
1997,12,cement,6.26,1997-12-01,-2.4492935982947064e-16,1.0,0.21212121212121213,3,1
1998,1,cement,5.875,1998-01-01,0.49999999999999994,0.8660254037844387,0.24242424242424243,3,1
1998,2,cement,5.94,1998-02-01,0.8660254037844386,0.5000000000000001,0.24242424242424243,3,1
1998,3,cement,6.923,1998-03-01,1.0,6.123233995736766e-17,0.24242424242424243,3,1
1998,4,cement,7.054,1998-04-01,0.8660254037844387,-0.4999999999999998,0.24242424242424243,3,1
1998,5,cement,6.714,1998-05-01,0.49999999999999994,-0.8660254037844387,0.24242424242424243,3,1
1998,6,cement,7.069,1998-06-01,1.2246467991473532e-16,-1.0,0.24242424242424243,3,1
1998,7,cement,6.904,1998-07-01,-0.4999999999999997,-0.8660254037844388,0.24242424242424243,3,1
1998,8,cement,6.924,1998-08-01,-0.8660254037844384,-0.5000000000000004,0.24242424242424243,3,1
1998,9,cement,6.013,1998-09-01,-1.0,-1.8369701987210297e-16,0.24242424242424243,3,1
1998,10,cement,7.005,1998-10-01,-0.8660254037844386,0.5000000000000001,0.24242424242424243,3,1
1998,11,cement,5.765,1998-11-01,-0.5000000000000004,0.8660254037844384,0.24242424242424243,3,1
1998,12,cement,6.985,1998-12-01,-2.4492935982947064e-16,1.0,0.24242424242424243,3,1
1999,1,cement,6.651,1999-01-01,0.49999999999999994,0.8660254037844387,0.2727272727272727,3,1
1999,2,cement,6.469,1999-02-01,0.8660254037844386,0.5000000000000001,0.2727272727272727,3,1
1999,3,cement,6.941,1999-03-01,1.0,6.123233995736766e-17,0.2727272727272727,3,1
1999,4,cement,7.854,1999-04-01,0.8660254037844387,-0.4999999999999998,0.2727272727272727,3,1
1999,5,cement,7.523,1999-05-01,0.49999999999999994,-0.8660254037844387,0.2727272727272727,3,1
1999,6,cement,7.049,1999-06-01,1.2246467991473532e-16,-1.0,0.2727272727272727,3,1
1999,7,cement,7.593,1999-07-01,-0.4999999999999997,-0.8660254037844388,0.2727272727272727,3,1
1999,8,cement,7.337,1999-08-01,-0.8660254037844384,-0.5000000000000004,0.2727272727272727,3,1
1999,9,cement,7.604,1999-09-01,-1.0,-1.8369701987210297e-16,0.2727272727272727,3,1
1999,10,cement,6.757,1999-10-01,-0.8660254037844386,0.5000000000000001,0.2727272727272727,3,1
1999,11,cement,6.274,1999-11-01,-0.5000000000000004,0.8660254037844384,0.2727272727272727,3,1
1999,12,cement,6.949,1999-12-01,-2.4492935982947064e-16,1.0,0.2727272727272727,3,1
2000,1,cement,7.211,2000-01-01,0.49999999999999994,0.8660254037844387,0.30303030303030304,3,1
2000,2,cement,7.194,2000-02-01,0.8660254037844386,0.5000000000000001,0.30303030303030304,3,1
2000,3,cement,7.041,2000-03-01,1.0,6.123233995736766e-17,0.30303030303030304,3,1
2000,4,cement,7.678,2000-04-01,0.8660254037844387,-0.4999999999999998,0.30303030303030304,3,1
2000,5,cement,8.339,2000-05-01,0.49999999999999994,-0.8660254037844387,0.30303030303030304,3,1
2000,6,cement,8.422,2000-06-01,1.2246467991473532e-16,-1.0,0.30303030303030304,3,1
2000,7,cement,6.877,2000-07-01,-0.4999999999999997,-0.8660254037844388,0.30303030303030304,3,1
2000,8,cement,8.108,2000-08-01,-0.8660254037844384,-0.5000000000000004,0.30303030303030304,3,1
2000,9,cement,7.686,2000-09-01,-1.0,-1.8369701987210297e-16,0.30303030303030304,3,1
2000,10,cement,7.366,2000-10-01,-0.8660254037844386,0.5000000000000001,0.30303030303030304,3,1
2000,11,cement,6.641,2000-11-01,-0.5000000000000004,0.8660254037844384,0.30303030303030304,3,1
2000,12,cement,8.074,2000-12-01,-2.4492935982947064e-16,1.0,0.30303030303030304,3,1
2001,1,cement,6.292,2001-01-01,0.49999999999999994,0.8660254037844387,0.3333333333333333,3,1
2001,2,cement,6.037,2001-02-01,0.8660254037844386,0.5000000000000001,0.3333333333333333,3,1
2001,3,cement,7.41,2001-03-01,1.0,6.123233995736766e-17,0.3333333333333333,3,1
2001,4,cement,7.939,2001-04-01,0.8660254037844387,-0.4999999999999998,0.3333333333333333,3,1
2001,5,cement,8.647,2001-05-01,0.49999999999999994,-0.8660254037844387,0.3333333333333333,3,1
2001,6,cement,8.426,2001-06-01,1.2246467991473532e-16,-1.0,0.3333333333333333,3,1
2001,7,cement,8.163,2001-07-01,-0.4999999999999997,-0.8660254037844388,0.3333333333333333,3,1
2001,8,cement,7.997,2001-08-01,-0.8660254037844384,-0.5000000000000004,0.3333333333333333,3,1
2001,9,cement,7.812,2001-09-01,-1.0,-1.8369701987210297e-16,0.3333333333333333,3,1
2001,10,cement,8.405,2001-10-01,-0.8660254037844386,0.5000000000000001,0.3333333333333333,3,1
2001,11,cement,7.353,2001-11-01,-0.5000000000000004,0.8660254037844384,0.3333333333333333,3,1
2001,12,cement,7.783,2001-12-01,-2.4492935982947064e-16,1.0,0.3333333333333333,3,1
2002,1,cement,6.985,2002-01-01,0.49999999999999994,0.8660254037844387,0.36363636363636365,3,1
2002,2,cement,7.552,2002-02-01,0.8660254037844386,0.5000000000000001,0.36363636363636365,3,1
2002,3,cement,8.786,2002-03-01,1.0,6.123233995736766e-17,0.36363636363636365,3,1
2002,4,cement,8.975,2002-04-01,0.8660254037844387,-0.4999999999999998,0.36363636363636365,3,1
2002,5,cement,9.146,2002-05-01,0.49999999999999994,-0.8660254037844387,0.36363636363636365,3,1
2002,6,cement,8.693,2002-06-01,1.2246467991473532e-16,-1.0,0.36363636363636365,3,1
2002,7,cement,9.402,2002-07-01,-0.4999999999999997,-0.8660254037844388,0.36363636363636365,3,1
2002,8,cement,9.077,2002-08-01,-0.8660254037844384,-0.5000000000000004,0.36363636363636365,3,1
2002,9,cement,7.738,2002-09-01,-1.0,-1.8369701987210297e-16,0.36363636363636365,3,1
2002,10,cement,7.39,2002-10-01,-0.8660254037844386,0.5000000000000001,0.36363636363636365,3,1
2002,11,cement,8.279,2002-11-01,-0.5000000000000004,0.8660254037844384,0.36363636363636365,3,1
2002,12,cement,9.077,2002-12-01,-2.4492935982947064e-16,1.0,0.36363636363636365,3,1
2003,1,cement,8.86,2003-01-01,0.49999999999999994,0.8660254037844387,0.3939393939393939,3,1
2003,2,cement,6.784,2003-02-01,0.8660254037844386,0.5000000000000001,0.3939393939393939,3,1
2003,3,cement,8.239,2003-03-01,1.0,6.123233995736766e-17,0.3939393939393939,3,1
2003,4,cement,9.272,2003-04-01,0.8660254037844387,-0.4999999999999998,0.3939393939393939,3,1
2003,5,cement,10.147,2003-05-01,0.49999999999999994,-0.8660254037844387,0.3939393939393939,3,1
2003,6,cement,10.512,2003-06-01,1.2246467991473532e-16,-1.0,0.3939393939393939,3,1
2003,7,cement,10.081,2003-07-01,-0.4999999999999997,-0.8660254037844388,0.3939393939393939,3,1
2003,8,cement,9.68,2003-08-01,-0.8660254037844384,-0.5000000000000004,0.3939393939393939,3,1
2003,9,cement,9.016,2003-09-01,-1.0,-1.8369701987210297e-16,0.3939393939393939,3,1
2003,10,cement,9.249,2003-10-01,-0.8660254037844386,0.5000000000000001,0.3939393939393939,3,1
2003,11,cement,9.461,2003-11-01,-0.5000000000000004,0.8660254037844384,0.3939393939393939,3,1
2003,12,cement,9.921,2003-12-01,-2.4492935982947064e-16,1.0,0.3939393939393939,3,1
2004,1,cement,9.097,2004-01-01,0.49999999999999994,0.8660254037844387,0.42424242424242425,3,1
2004,2,cement,6.934,2004-02-01,0.8660254037844386,0.5000000000000001,0.42424242424242425,3,1
2004,3,cement,9.37,2004-03-01,1.0,6.123233995736766e-17,0.42424242424242425,3,1
2004,4,cement,11.04,2004-04-01,0.8660254037844387,-0.4999999999999998,0.42424242424242425,3,1
2004,5,cement,10.754,2004-05-01,0.49999999999999994,-0.8660254037844387,0.42424242424242425,3,1
2004,6,cement,11.24,2004-06-01,1.2246467991473532e-16,-1.0,0.42424242424242425,3,1
2004,7,cement,9.267,2004-07-01,-0.4999999999999997,-0.8660254037844388,0.42424242424242425,3,1
2004,8,cement,10.602,2004-08-01,-0.8660254037844384,-0.5000000000000004,0.42424242424242425,3,1
2004,9,cement,9.616,2004-09-01,-1.0,-1.8369701987210297e-16,0.42424242424242425,3,1
2004,10,cement,10.366,2004-10-01,-0.8660254037844386,0.5000000000000001,0.42424242424242425,3,1
2004,11,cement,9.799,2004-11-01,-0.5000000000000004,0.8660254037844384,0.42424242424242425,3,1
2004,12,cement,10.173,2004-12-01,-2.4492935982947064e-16,1.0,0.42424242424242425,3,1
2005,1,cement,8.895,2005-01-01,0.49999999999999994,0.8660254037844387,0.45454545454545453,3,1
2005,2,cement,8.988,2005-02-01,0.8660254037844386,0.5000000000000001,0.45454545454545453,3,1
2005,3,cement,10.395,2005-03-01,1.0,6.123233995736766e-17,0.45454545454545453,3,1
2005,4,cement,10.743,2005-04-01,0.8660254037844387,-0.4999999999999998,0.45454545454545453,3,1
2005,5,cement,12.499,2005-05-01,0.49999999999999994,-0.8660254037844387,0.45454545454545453,3,1
2005,6,cement,11.559,2005-06-01,1.2246467991473532e-16,-1.0,0.45454545454545453,3,1
2005,7,cement,11.058,2005-07-01,-0.4999999999999997,-0.8660254037844388,0.45454545454545453,3,1
2005,8,cement,11.694,2005-08-01,-0.8660254037844384,-0.5000000000000004,0.45454545454545453,3,1
2005,9,cement,10.428,2005-09-01,-1.0,-1.8369701987210297e-16,0.45454545454545453,3,1
2005,10,cement,11.828,2005-10-01,-0.8660254037844386,0.5000000000000001,0.45454545454545453,3,1
2005,11,cement,9.363,2005-11-01,-0.5000000000000004,0.8660254037844384,0.45454545454545453,3,1
2005,12,cement,10.26,2005-12-01,-2.4492935982947064e-16,1.0,0.45454545454545453,3,1
2006,1,cement,10.751,2006-01-01,0.49999999999999994,0.8660254037844387,0.48484848484848486,3,1
2006,2,cement,10.102,2006-02-01,0.8660254037844386,0.5000000000000001,0.48484848484848486,3,1
2006,3,cement,12.402,2006-03-01,1.0,6.123233995736766e-17,0.48484848484848486,3,1
2006,4,cement,12.86,2006-04-01,0.8660254037844387,-0.4999999999999998,0.48484848484848486,3,1
2006,5,cement,12.55,2006-05-01,0.49999999999999994,-0.8660254037844387,0.48484848484848486,3,1
2006,6,cement,12.764,2006-06-01,1.2246467991473532e-16,-1.0,0.48484848484848486,3,1
2006,7,cement,11.717,2006-07-01,-0.4999999999999997,-0.8660254037844388,0.48484848484848486,3,1
2006,8,cement,11.323,2006-08-01,-0.8660254037844384,-0.5000000000000004,0.48484848484848486,3,1
2006,9,cement,11.785,2006-09-01,-1.0,-1.8369701987210297e-16,0.48484848484848486,3,1
2006,10,cement,13.381,2006-10-01,-0.8660254037844386,0.5000000000000001,0.48484848484848486,3,1
2006,11,cement,12.016,2006-11-01,-0.5000000000000004,0.8660254037844384,0.48484848484848486,3,1
2006,12,cement,12.354,2006-12-01,-2.4492935982947064e-16,1.0,0.48484848484848486,3,1
2007,1,cement,13.139,2007-01-01,0.49999999999999994,0.8660254037844387,0.5151515151515151,3,1
2007,2,cement,10.678,2007-02-01,0.8660254037844386,0.5000000000000001,0.5151515151515151,3,1
2007,3,cement,11.847,2007-03-01,1.0,6.123233995736766e-17,0.5151515151515151,3,1
2007,4,cement,13.547,2007-04-01,0.8660254037844387,-0.4999999999999998,0.5151515151515151,3,1
2007,5,cement,13.942,2007-05-01,0.49999999999999994,-0.8660254037844387,0.5151515151515151,3,1
2007,6,cement,13.789,2007-06-01,1.2246467991473532e-16,-1.0,0.5151515151515151,3,1
2007,7,cement,13.852,2007-07-01,-0.4999999999999997,-0.8660254037844388,0.5151515151515151,3,1
2007,8,cement,13.283,2007-08-01,-0.8660254037844384,-0.5000000000000004,0.5151515151515151,3,1
2007,9,cement,12.714,2007-09-01,-1.0,-1.8369701987210297e-16,0.5151515151515151,3,1
2007,10,cement,12.648,2007-10-01,-0.8660254037844386,0.5000000000000001,0.5151515151515151,3,1
2007,11,cement,13.259,2007-11-01,-0.5000000000000004,0.8660254037844384,0.5151515151515151,3,1
2007,12,cement,13.231,2007-12-01,-2.4492935982947064e-16,1.0,0.5151515151515151,3,1
2008,1,cement,10.572,2008-01-01,0.49999999999999994,0.8660254037844387,0.5454545454545454,3,1
2008,2,cement,12.625,2008-02-01,0.8660254037844386,0.5000000000000001,0.5454545454545454,3,1
2008,3,cement,13.995,2008-03-01,1.0,6.123233995736766e-17,0.5454545454545454,3,1
2008,4,cement,14.522,2008-04-01,0.8660254037844387,-0.4999999999999998,0.5454545454545454,3,1
2008,5,cement,13.588,2008-05-01,0.49999999999999994,-0.8660254037844387,0.5454545454545454,3,1
2008,6,cement,16.192,2008-06-01,1.2246467991473532e-16,-1.0,0.5454545454545454,3,1
2008,7,cement,15.846,2008-07-01,-0.4999999999999997,-0.8660254037844388,0.5454545454545454,3,1
2008,8,cement,13.2,2008-08-01,-0.8660254037844384,-0.5000000000000004,0.5454545454545454,3,1
2008,9,cement,15.469,2008-09-01,-1.0,-1.8369701987210297e-16,0.5454545454545454,3,1
2008,10,cement,13.356,2008-10-01,-0.8660254037844386,0.5000000000000001,0.5454545454545454,3,1
2008,11,cement,13.364,2008-11-01,-0.5000000000000004,0.8660254037844384,0.5454545454545454,3,1
2008,12,cement,14.514,2008-12-01,-2.4492935982947064e-16,1.0,0.5454545454545454,3,1
2009,1,cement,13.306,2009-01-01,0.49999999999999994,0.8660254037844387,0.5757575757575758,3,1
2009,2,cement,12.662,2009-02-01,0.8660254037844386,0.5000000000000001,0.5757575757575758,3,1
2009,3,cement,14.496,2009-03-01,1.0,6.123233995736766e-17,0.5757575757575758,3,1
2009,4,cement,16.734,2009-04-01,0.8660254037844387,-0.4999999999999998,0.5757575757575758,3,1
2009,5,cement,15.675,2009-05-01,0.49999999999999994,-0.8660254037844387,0.5757575757575758,3,1
2009,6,cement,16.174,2009-06-01,1.2246467991473532e-16,-1.0,0.5757575757575758,3,1
2009,7,cement,14.298,2009-07-01,-0.4999999999999997,-0.8660254037844388,0.5757575757575758,3,1
2009,8,cement,16.194,2009-08-01,-0.8660254037844384,-0.5000000000000004,0.5757575757575758,3,1
2009,9,cement,14.809,2009-09-01,-1.0,-1.8369701987210297e-16,0.5757575757575758,3,1
2009,10,cement,13.959,2009-10-01,-0.8660254037844386,0.5000000000000001,0.5757575757575758,3,1
2009,11,cement,14.456,2009-11-01,-0.5000000000000004,0.8660254037844384,0.5757575757575758,3,1
2009,12,cement,13.522,2009-12-01,-2.4492935982947064e-16,1.0,0.5757575757575758,3,1
2010,1,cement,13.248,2010-01-01,0.49999999999999994,0.8660254037844387,0.6060606060606061,3,1
2010,2,cement,13.754,2010-02-01,0.8660254037844386,0.5000000000000001,0.6060606060606061,3,1
2010,3,cement,14.818,2010-03-01,1.0,6.123233995736766e-17,0.6060606060606061,3,1
2010,4,cement,17.564,2010-04-01,0.8660254037844387,-0.4999999999999998,0.6060606060606061,3,1
2010,5,cement,17.596,2010-05-01,0.49999999999999994,-0.8660254037844387,0.6060606060606061,3,1
2010,6,cement,16.636,2010-06-01,1.2246467991473532e-16,-1.0,0.6060606060606061,3,1
2010,7,cement,16.829,2010-07-01,-0.4999999999999997,-0.8660254037844388,0.6060606060606061,3,1
2010,8,cement,17.348,2010-08-01,-0.8660254037844384,-0.5000000000000004,0.6060606060606061,3,1
2010,9,cement,16.233,2010-09-01,-1.0,-1.8369701987210297e-16,0.6060606060606061,3,1
2010,10,cement,15.261,2010-10-01,-0.8660254037844386,0.5000000000000001,0.6060606060606061,3,1
2010,11,cement,14.55,2010-11-01,-0.5000000000000004,0.8660254037844384,0.6060606060606061,3,1
2010,12,cement,13.368,2010-12-01,-2.4492935982947064e-16,1.0,0.6060606060606061,3,1
2011,1,cement,15.623,2011-01-01,0.49999999999999994,0.8660254037844387,0.6363636363636364,3,1
2011,2,cement,14.871,2011-02-01,0.8660254037844386,0.5000000000000001,0.6363636363636364,3,1
2011,3,cement,15.878,2011-03-01,1.0,6.123233995736766e-17,0.6363636363636364,3,1
2011,4,cement,17.351,2011-04-01,0.8660254037844387,-0.4999999999999998,0.6363636363636364,3,1
2011,5,cement,18.158,2011-05-01,0.49999999999999994,-0.8660254037844387,0.6363636363636364,3,1
2011,6,cement,18.012,2011-06-01,1.2246467991473532e-16,-1.0,0.6363636363636364,3,1
2011,7,cement,17.371,2011-07-01,-0.4999999999999997,-0.8660254037844388,0.6363636363636364,3,1
2011,8,cement,17.59,2011-08-01,-0.8660254037844384,-0.5000000000000004,0.6363636363636364,3,1
2011,9,cement,16.063,2011-09-01,-1.0,-1.8369701987210297e-16,0.6363636363636364,3,1
2011,10,cement,17.432,2011-10-01,-0.8660254037844386,0.5000000000000001,0.6363636363636364,3,1
2011,11,cement,16.402,2011-11-01,-0.5000000000000004,0.8660254037844384,0.6363636363636364,3,1
2011,12,cement,15.072,2011-12-01,-2.4492935982947064e-16,1.0,0.6363636363636364,3,1
2012,1,cement,15.098,2012-01-01,0.49999999999999994,0.8660254037844387,0.6666666666666666,3,1
2012,2,cement,15.134,2012-02-01,0.8660254037844386,0.5000000000000001,0.6666666666666666,3,1
2012,3,cement,18.053,2012-03-01,1.0,6.123233995736766e-17,0.6666666666666666,3,1
2012,4,cement,20.004,2012-04-01,0.8660254037844387,-0.4999999999999998,0.6666666666666666,3,1
2012,5,cement,19.607,2012-05-01,0.49999999999999994,-0.8660254037844387,0.6666666666666666,3,1
2012,6,cement,19.186,2012-06-01,1.2246467991473532e-16,-1.0,0.6666666666666666,3,1
2012,7,cement,18.845,2012-07-01,-0.4999999999999997,-0.8660254037844388,0.6666666666666666,3,1
2012,8,cement,17.554,2012-08-01,-0.8660254037844384,-0.5000000000000004,0.6666666666666666,3,1
2012,9,cement,17.267,2012-09-01,-1.0,-1.8369701987210297e-16,0.6666666666666666,3,1
2012,10,cement,17.045,2012-10-01,-0.8660254037844386,0.5000000000000001,0.6666666666666666,3,1
2012,11,cement,18.211,2012-11-01,-0.5000000000000004,0.8660254037844384,0.6666666666666666,3,1
2012,12,cement,17.481,2012-12-01,-2.4492935982947064e-16,1.0,0.6666666666666666,3,1
2013,1,cement,18.074,2013-01-01,0.49999999999999994,0.8660254037844387,0.696969696969697,3,1
2013,2,cement,14.897,2013-02-01,0.8660254037844386,0.5000000000000001,0.696969696969697,3,1
2013,3,cement,16.632,2013-03-01,1.0,6.123233995736766e-17,0.696969696969697,3,1
2013,4,cement,21.57,2013-04-01,0.8660254037844387,-0.4999999999999998,0.696969696969697,3,1
2013,5,cement,18.556,2013-05-01,0.49999999999999994,-0.8660254037844387,0.696969696969697,3,1
2013,6,cement,21.213,2013-06-01,1.2246467991473532e-16,-1.0,0.696969696969697,3,1
2013,7,cement,19.708,2013-07-01,-0.4999999999999997,-0.8660254037844388,0.696969696969697,3,1
2013,8,cement,18.107,2013-08-01,-0.8660254037844384,-0.5000000000000004,0.696969696969697,3,1
2013,9,cement,19.224,2013-09-01,-1.0,-1.8369701987210297e-16,0.696969696969697,3,1
2013,10,cement,20.266,2013-10-01,-0.8660254037844386,0.5000000000000001,0.696969696969697,3,1
2013,11,cement,18.179,2013-11-01,-0.5000000000000004,0.8660254037844384,0.696969696969697,3,1
2013,12,cement,17.913,2013-12-01,-2.4492935982947064e-16,1.0,0.696969696969697,3,1
2014,1,cement,18.06,2014-01-01,0.49999999999999994,0.8660254037844387,0.7272727272727273,3,1
2014,2,cement,14.568,2014-02-01,0.8660254037844386,0.5000000000000001,0.7272727272727273,3,1
2014,3,cement,17.391,2014-03-01,1.0,6.123233995736766e-17,0.7272727272727273,3,1
2014,4,cement,21.028,2014-04-01,0.8660254037844387,-0.4999999999999998,0.7272727272727273,3,1
2014,5,cement,21.319,2014-05-01,0.49999999999999994,-0.8660254037844387,0.7272727272727273,3,1
2014,6,cement,21.368,2014-06-01,1.2246467991473532e-16,-1.0,0.7272727272727273,3,1
2014,7,cement,20.005,2014-07-01,-0.4999999999999997,-0.8660254037844388,0.7272727272727273,3,1
2014,8,cement,21.977,2014-08-01,-0.8660254037844384,-0.5000000000000004,0.7272727272727273,3,1
2014,9,cement,19.419,2014-09-01,-1.0,-1.8369701987210297e-16,0.7272727272727273,3,1
2014,10,cement,16.791,2014-10-01,-0.8660254037844386,0.5000000000000001,0.7272727272727273,3,1
2014,11,cement,20.323,2014-11-01,-0.5000000000000004,0.8660254037844384,0.7272727272727273,3,1
2014,12,cement,18.261,2014-12-01,-2.4492935982947064e-16,1.0,0.7272727272727273,3,1
2015,1,cement,18.003,2015-01-01,0.49999999999999994,0.8660254037844387,0.7575757575757576,3,1
2015,2,cement,16.264,2015-02-01,0.8660254037844386,0.5000000000000001,0.7575757575757576,3,1
2015,3,cement,19.986,2015-03-01,1.0,6.123233995736766e-17,0.7575757575757576,3,1
2015,4,cement,20.39,2015-04-01,0.8660254037844387,-0.4999999999999998,0.7575757575757576,3,1
2015,5,cement,23.196,2015-05-01,0.49999999999999994,-0.8660254037844387,0.7575757575757576,3,1
2015,6,cement,21.289,2015-06-01,1.2246467991473532e-16,-1.0,0.7575757575757576,3,1
2015,7,cement,22.716,2015-07-01,-0.4999999999999997,-0.8660254037844388,0.7575757575757576,3,1
2015,8,cement,19.073,2015-08-01,-0.8660254037844384,-0.5000000000000004,0.7575757575757576,3,1
2015,9,cement,21.954,2015-09-01,-1.0,-1.8369701987210297e-16,0.7575757575757576,3,1
2015,10,cement,19.685,2015-10-01,-0.8660254037844386,0.5000000000000001,0.7575757575757576,3,1
2015,11,cement,19.027,2015-11-01,-0.5000000000000004,0.8660254037844384,0.7575757575757576,3,1
2015,12,cement,21.005,2015-12-01,-2.4492935982947064e-16,1.0,0.7575757575757576,3,1
2016,1,cement,18.825,2016-01-01,0.49999999999999994,0.8660254037844387,0.7878787878787878,3,1
2016,2,cement,17.245,2016-02-01,0.8660254037844386,0.5000000000000001,0.7878787878787878,3,1
2016,3,cement,21.396,2016-03-01,1.0,6.123233995736766e-17,0.7878787878787878,3,1
2016,4,cement,21.474,2016-04-01,0.8660254037844387,-0.4999999999999998,0.7878787878787878,3,1
2016,5,cement,21.982,2016-05-01,0.49999999999999994,-0.8660254037844387,0.7878787878787878,3,1
2016,6,cement,23.031,2016-06-01,1.2246467991473532e-16,-1.0,0.7878787878787878,3,1
2016,7,cement,24.049,2016-07-01,-0.4999999999999997,-0.8660254037844388,0.7878787878787878,3,1
2016,8,cement,22.791,2016-08-01,-0.8660254037844384,-0.5000000000000004,0.7878787878787878,3,1
2016,9,cement,20.182,2016-09-01,-1.0,-1.8369701987210297e-16,0.7878787878787878,3,1
2016,10,cement,19.375,2016-10-01,-0.8660254037844386,0.5000000000000001,0.7878787878787878,3,1
2016,11,cement,19.76,2016-11-01,-0.5000000000000004,0.8660254037844384,0.7878787878787878,3,1
2016,12,cement,19.874,2016-12-01,-2.4492935982947064e-16,1.0,0.7878787878787878,3,1
2017,1,cement,19.852,2017-01-01,0.49999999999999994,0.8660254037844387,0.8181818181818182,3,1
2017,2,cement,17.436,2017-02-01,0.8660254037844386,0.5000000000000001,0.8181818181818182,3,1
2017,3,cement,21.13,2017-03-01,1.0,6.123233995736766e-17,0.8181818181818182,3,1
2017,4,cement,21.76,2017-04-01,0.8660254037844387,-0.4999999999999998,0.8181818181818182,3,1
2017,5,cement,26.033,2017-05-01,0.49999999999999994,-0.8660254037844387,0.8181818181818182,3,1
2017,6,cement,22.132,2017-06-01,1.2246467991473532e-16,-1.0,0.8181818181818182,3,1
2017,7,cement,22.484,2017-07-01,-0.4999999999999997,-0.8660254037844388,0.8181818181818182,3,1
2017,8,cement,23.816,2017-08-01,-0.8660254037844384,-0.5000000000000004,0.8181818181818182,3,1
2017,9,cement,22.124,2017-09-01,-1.0,-1.8369701987210297e-16,0.8181818181818182,3,1
2017,10,cement,22.369,2017-10-01,-0.8660254037844386,0.5000000000000001,0.8181818181818182,3,1
2017,11,cement,20.322,2017-11-01,-0.5000000000000004,0.8660254037844384,0.8181818181818182,3,1
2017,12,cement,22.292,2017-12-01,-2.4492935982947064e-16,1.0,0.8181818181818182,3,1
2018,1,cement,16.928,2018-01-01,0.49999999999999994,0.8660254037844387,0.8484848484848485,3,1
2018,2,cement,19.339,2018-02-01,0.8660254037844386,0.5000000000000001,0.8484848484848485,3,1
2018,3,cement,22.497,2018-03-01,1.0,6.123233995736766e-17,0.8484848484848485,3,1
2018,4,cement,25.311,2018-04-01,0.8660254037844387,-0.4999999999999998,0.8484848484848485,3,1
2018,5,cement,23.424,2018-05-01,0.49999999999999994,-0.8660254037844387,0.8484848484848485,3,1
2018,6,cement,23.196,2018-06-01,1.2246467991473532e-16,-1.0,0.8484848484848485,3,1
2018,7,cement,24.91,2018-07-01,-0.4999999999999997,-0.8660254037844388,0.8484848484848485,3,1
2018,8,cement,22.639,2018-08-01,-0.8660254037844384,-0.5000000000000004,0.8484848484848485,3,1
2018,9,cement,22.143,2018-09-01,-1.0,-1.8369701987210297e-16,0.8484848484848485,3,1
2018,10,cement,21.947,2018-10-01,-0.8660254037844386,0.5000000000000001,0.8484848484848485,3,1
2018,11,cement,20.186,2018-11-01,-0.5000000000000004,0.8660254037844384,0.8484848484848485,3,1
2018,12,cement,22.2,2018-12-01,-2.4492935982947064e-16,1.0,0.8484848484848485,3,1
2019,1,cement,20.432,2019-01-01,0.49999999999999994,0.8660254037844387,0.8787878787878788,3,1
2019,2,cement,20.062,2019-02-01,0.8660254037844386,0.5000000000000001,0.8787878787878788,3,1
2019,3,cement,22.772,2019-03-01,1.0,6.123233995736766e-17,0.8787878787878788,3,1
2019,4,cement,22.559,2019-04-01,0.8660254037844387,-0.4999999999999998,0.8787878787878788,3,1
2019,5,cement,26.309,2019-05-01,0.49999999999999994,-0.8660254037844387,0.8787878787878788,3,1
2019,6,cement,26.217,2019-06-01,1.2246467991473532e-16,-1.0,0.8787878787878788,3,1
2019,7,cement,26.017,2019-07-01,-0.4999999999999997,-0.8660254037844388,0.8787878787878788,3,1
2019,8,cement,25.029,2019-08-01,-0.8660254037844384,-0.5000000000000004,0.8787878787878788,3,1
2019,9,cement,22.981,2019-09-01,-1.0,-1.8369701987210297e-16,0.8787878787878788,3,1
2019,10,cement,20.995,2019-10-01,-0.8660254037844386,0.5000000000000001,0.8787878787878788,3,1
2019,11,cement,24.482,2019-11-01,-0.5000000000000004,0.8660254037844384,0.8787878787878788,3,1
2019,12,cement,22.344,2019-12-01,-2.4492935982947064e-16,1.0,0.8787878787878788,3,1
2020,1,cement,18.388,2020-01-01,0.49999999999999994,0.8660254037844387,0.9090909090909091,3,1
2020,2,cement,15.643,2020-02-01,0.8660254037844386,0.5000000000000001,0.9090909090909091,3,1
2020,3,cement,20.477,2020-03-01,1.0,6.123233995736766e-17,0.9090909090909091,3,1
2020,4,cement,21.821,2020-04-01,0.8660254037844387,-0.4999999999999998,0.9090909090909091,3,1
2020,5,cement,19.111,2020-05-01,0.49999999999999994,-0.8660254037844387,0.9090909090909091,3,1
2020,6,cement,23.298,2020-06-01,1.2246467991473532e-16,-1.0,0.9090909090909091,3,1
2020,7,cement,21.92,2020-07-01,-0.4999999999999997,-0.8660254037844388,0.9090909090909091,3,1
2020,8,cement,23.345,2020-08-01,-0.8660254037844384,-0.5000000000000004,0.9090909090909091,3,1
2020,9,cement,21.244,2020-09-01,-1.0,-1.8369701987210297e-16,0.9090909090909091,3,1
2020,10,cement,20.489,2020-10-01,-0.8660254037844386,0.5000000000000001,0.9090909090909091,3,1
2020,11,cement,19.144,2020-11-01,-0.5000000000000004,0.8660254037844384,0.9090909090909091,3,1
2020,12,cement,21.041,2020-12-01,-2.4492935982947064e-16,1.0,0.9090909090909091,3,1
2021,1,cement,20.066,2021-01-01,0.49999999999999994,0.8660254037844387,0.9393939393939394,3,1
2021,2,cement,18.702,2021-02-01,0.8660254037844386,0.5000000000000001,0.9393939393939394,3,1
2021,3,cement,21.432,2021-03-01,1.0,6.123233995736766e-17,0.9393939393939394,3,1
2021,4,cement,23.37,2021-04-01,0.8660254037844387,-0.4999999999999998,0.9393939393939394,3,1
2021,5,cement,24.029,2021-05-01,0.49999999999999994,-0.8660254037844387,0.9393939393939394,3,1
2021,6,cement,23.569,2021-06-01,1.2246467991473532e-16,-1.0,0.9393939393939394,3,1
2021,7,cement,22.42,2021-07-01,-0.4999999999999997,-0.8660254037844388,0.9393939393939394,3,1
2021,8,cement,22.338,2021-08-01,-0.8660254037844384,-0.5000000000000004,0.9393939393939394,3,1
2021,9,cement,21.178,2021-09-01,-1.0,-1.8369701987210297e-16,0.9393939393939394,3,1
2021,10,cement,21.674,2021-10-01,-0.8660254037844386,0.5000000000000001,0.9393939393939394,3,1
2021,11,cement,18.967,2021-11-01,-0.5000000000000004,0.8660254037844384,0.9393939393939394,3,1
2021,12,cement,22.978,2021-12-01,-2.4492935982947064e-16,1.0,0.9393939393939394,3,1
2022,1,cement,20.505,2022-01-01,0.49999999999999994,0.8660254037844387,0.9696969696969697,3,1
2022,2,cement,22.046,2022-02-01,0.8660254037844386,0.5000000000000001,0.9696969696969697,3,1
2022,3,cement,26.448,2022-03-01,1.0,6.123233995736766e-17,0.9696969696969697,3,1
2022,4,cement,24.884,2022-04-01,0.8660254037844387,-0.4999999999999998,0.9696969696969697,3,1
2022,5,cement,26.74,2022-05-01,0.49999999999999994,-0.8660254037844387,0.9696969696969697,3,1
2022,6,cement,23.403,2022-06-01,1.2246467991473532e-16,-1.0,0.9696969696969697,3,1
2022,7,cement,26.078,2022-07-01,-0.4999999999999997,-0.8660254037844388,0.9696969696969697,3,1
2022,8,cement,25.312,2022-08-01,-0.8660254037844384,-0.5000000000000004,0.9696969696969697,3,1
2022,9,cement,25.277,2022-09-01,-1.0,-1.8369701987210297e-16,0.9696969696969697,3,1
2022,10,cement,24.394,2022-10-01,-0.8660254037844386,0.5000000000000001,0.9696969696969697,3,1
2022,11,cement,20.649,2022-11-01,-0.5000000000000004,0.8660254037844384,0.9696969696969697,3,1
2022,12,cement,25.077,2022-12-01,-2.4492935982947064e-16,1.0,0.9696969696969697,3,1
2023,1,cement,24.554,2023-01-01,0.49999999999999994,0.8660254037844387,1.0,3,1
2023,2,cement,21.987,2023-02-01,0.8660254037844386,0.5000000000000001,1.0,3,1
2023,3,cement,23.426,2023-03-01,1.0,6.123233995736766e-17,1.0,3,1
2023,4,cement,30.808,2023-04-01,0.8660254037844387,-0.4999999999999998,1.0,3,1
2023,5,cement,26.91,2023-05-01,0.49999999999999994,-0.8660254037844387,1.0,3,1
2023,6,cement,29.886,2023-06-01,1.2246467991473532e-16,-1.0,1.0,3,1
2023,7,cement,28.182,2023-07-01,-0.4999999999999997,-0.8660254037844388,1.0,3,1
2023,8,cement,25.496,2023-08-01,-0.8660254037844384,-0.5000000000000004,1.0,3,1
2023,9,cement,28.012,2023-09-01,-1.0,-1.8369701987210297e-16,1.0,3,1
2023,10,cement,24.506,2023-10-01,-0.8660254037844386,0.5000000000000001,1.0,3,1
2023,11,cement,26.58,2023-11-01,-0.5000000000000004,0.8660254037844384,1.0,3,1
2023,12,cement,26.458,2023-12-01,-2.4492935982947064e-16,1.0,1.0,3,1
1990,1,coal,51.605,1990-01-01,0.49999999999999994,0.8660254037844387,0.0,1,1
1990,2,coal,44.411,1990-02-01,0.8660254037844386,0.5000000000000001,0.0,1,1
1990,3,coal,47.095,1990-03-01,1.0,6.123233995736766e-17,0.0,1,1
1990,4,coal,45.664,1990-04-01,0.8660254037844387,-0.4999999999999998,0.0,1,1
1990,5,coal,45.665,1990-05-01,0.49999999999999994,-0.8660254037844387,0.0,1,1
1990,6,coal,47.597,1990-06-01,1.2246467991473532e-16,-1.0,0.0,1,1
1990,7,coal,47.049,1990-07-01,-0.4999999999999997,-0.8660254037844388,0.0,1,1
1990,8,coal,41.6,1990-08-01,-0.8660254037844384,-0.5000000000000004,0.0,1,1
1990,9,coal,43.919,1990-09-01,-1.0,-1.8369701987210297e-16,0.0,1,1
1990,10,coal,46.939,1990-10-01,-0.8660254037844386,0.5000000000000001,0.0,1,1
1990,11,coal,43.624,1990-11-01,-0.5000000000000004,0.8660254037844384,0.0,1,1
1990,12,coal,40.866,1990-12-01,-2.4492935982947064e-16,1.0,0.0,1,1
1991,1,coal,51.593,1991-01-01,0.49999999999999994,0.8660254037844387,0.030303030303030304,1,1
1991,2,coal,42.332,1991-02-01,0.8660254037844386,0.5000000000000001,0.030303030303030304,1,1
1991,3,coal,43.337,1991-03-01,1.0,6.123233995736766e-17,0.030303030303030304,1,1
1991,4,coal,46.115,1991-04-01,0.8660254037844387,-0.4999999999999998,0.030303030303030304,1,1
1991,5,coal,58.147,1991-05-01,0.49999999999999994,-0.8660254037844387,0.030303030303030304,1,1
1991,6,coal,46.416,1991-06-01,1.2246467991473532e-16,-1.0,0.030303030303030304,1,1
1991,7,coal,52.395,1991-07-01,-0.4999999999999997,-0.8660254037844388,0.030303030303030304,1,1
1991,8,coal,43.32,1991-08-01,-0.8660254037844384,-0.5000000000000004,0.030303030303030304,1,1
1991,9,coal,47.24,1991-09-01,-1.0,-1.8369701987210297e-16,0.030303030303030304,1,1
1991,10,coal,47.956,1991-10-01,-0.8660254037844386,0.5000000000000001,0.030303030303030304,1,1
1991,11,coal,48.193,1991-11-01,-0.5000000000000004,0.8660254037844384,0.030303030303030304,1,1
1991,12,coal,49.275,1991-12-01,-2.4492935982947064e-16,1.0,0.030303030303030304,1,1
1992,1,coal,54.172,1992-01-01,0.49999999999999994,0.8660254037844387,0.06060606060606061,1,1
1992,2,coal,49.81,1992-02-01,0.8660254037844386,0.5000000000000001,0.06060606060606061,1,1
1992,3,coal,45.058,1992-03-01,1.0,6.123233995736766e-17,0.06060606060606061,1,1
1992,4,coal,45.655,1992-04-01,0.8660254037844387,-0.4999999999999998,0.06060606060606061,1,1
1992,5,coal,54.414,1992-05-01,0.49999999999999994,-0.8660254037844387,0.06060606060606061,1,1
1992,6,coal,49.298,1992-06-01,1.2246467991473532e-16,-1.0,0.06060606060606061,1,1
1992,7,coal,51.649,1992-07-01,-0.4999999999999997,-0.8660254037844388,0.06060606060606061,1,1
1992,8,coal,50.395,1992-08-01,-0.8660254037844384,-0.5000000000000004,0.06060606060606061,1,1
1992,9,coal,53.402,1992-09-01,-1.0,-1.8369701987210297e-16,0.06060606060606061,1,1
1992,10,coal,46.812,1992-10-01,-0.8660254037844386,0.5000000000000001,0.06060606060606061,1,1
1992,11,coal,46.559,1992-11-01,-0.5000000000000004,0.8660254037844384,0.06060606060606061,1,1
1992,12,coal,49.084,1992-12-01,-2.4492935982947064e-16,1.0,0.06060606060606061,1,1
1993,1,coal,49.96,1993-01-01,0.49999999999999994,0.8660254037844387,0.09090909090909091,1,1
1993,2,coal,47.536,1993-02-01,0.8660254037844386,0.5000000000000001,0.09090909090909091,1,1
1993,3,coal,48.495,1993-03-01,1.0,6.123233995736766e-17,0.09090909090909091,1,1
1993,4,coal,46.068,1993-04-01,0.8660254037844387,-0.4999999999999998,0.09090909090909091,1,1
1993,5,coal,56.962,1993-05-01,0.49999999999999994,-0.8660254037844387,0.09090909090909091,1,1
1993,6,coal,47.499,1993-06-01,1.2246467991473532e-16,-1.0,0.09090909090909091,1,1
1993,7,coal,55.246,1993-07-01,-0.4999999999999997,-0.8660254037844388,0.09090909090909091,1,1
1993,8,coal,55.314,1993-08-01,-0.8660254037844384,-0.5000000000000004,0.09090909090909091,1,1
1993,9,coal,50.954,1993-09-01,-1.0,-1.8369701987210297e-16,0.09090909090909091,1,1
1993,10,coal,49.31,1993-10-01,-0.8660254037844386,0.5000000000000001,0.09090909090909091,1,1
1993,11,coal,49.313,1993-11-01,-0.5000000000000004,0.8660254037844384,0.09090909090909091,1,1
1993,12,coal,52.378,1993-12-01,-2.4492935982947064e-16,1.0,0.09090909090909091,1,1
1994,1,coal,56.029,1994-01-01,0.49999999999999994,0.8660254037844387,0.12121212121212122,1,1
1994,2,coal,44.839,1994-02-01,0.8660254037844386,0.5000000000000001,0.12121212121212122,1,1
1994,3,coal,53.063,1994-03-01,1.0,6.123233995736766e-17,0.12121212121212122,1,1
1994,4,coal,54.727,1994-04-01,0.8660254037844387,-0.4999999999999998,0.12121212121212122,1,1
1994,5,coal,48.706,1994-05-01,0.49999999999999994,-0.8660254037844387,0.12121212121212122,1,1
1994,6,coal,58.496,1994-06-01,1.2246467991473532e-16,-1.0,0.12121212121212122,1,1
1994,7,coal,51.457,1994-07-01,-0.4999999999999997,-0.8660254037844388,0.12121212121212122,1,1
1994,8,coal,57.508,1994-08-01,-0.8660254037844384,-0.5000000000000004,0.12121212121212122,1,1
1994,9,coal,49.654,1994-09-01,-1.0,-1.8369701987210297e-16,0.12121212121212122,1,1
1994,10,coal,52.426,1994-10-01,-0.8660254037844386,0.5000000000000001,0.12121212121212122,1,1
1994,11,coal,50.028,1994-11-01,-0.5000000000000004,0.8660254037844384,0.12121212121212122,1,1
1994,12,coal,51.256,1994-12-01,-2.4492935982947064e-16,1.0,0.12121212121212122,1,1
1995,1,coal,58.24,1995-01-01,0.49999999999999994,0.8660254037844387,0.15151515151515152,1,1
1995,2,coal,50.441,1995-02-01,0.8660254037844386,0.5000000000000001,0.15151515151515152,1,1
1995,3,coal,52.572,1995-03-01,1.0,6.123233995736766e-17,0.15151515151515152,1,1
1995,4,coal,56.651,1995-04-01,0.8660254037844387,-0.4999999999999998,0.15151515151515152,1,1
1995,5,coal,61.72,1995-05-01,0.49999999999999994,-0.8660254037844387,0.15151515151515152,1,1
1995,6,coal,58.812,1995-06-01,1.2246467991473532e-16,-1.0,0.15151515151515152,1,1
1995,7,coal,56.495,1995-07-01,-0.4999999999999997,-0.8660254037844388,0.15151515151515152,1,1
1995,8,coal,53.849,1995-08-01,-0.8660254037844384,-0.5000000000000004,0.15151515151515152,1,1
1995,9,coal,52.902,1995-09-01,-1.0,-1.8369701987210297e-16,0.15151515151515152,1,1
1995,10,coal,55.197,1995-10-01,-0.8660254037844386,0.5000000000000001,0.15151515151515152,1,1
1995,11,coal,50.482,1995-11-01,-0.5000000000000004,0.8660254037844384,0.15151515151515152,1,1
1995,12,coal,50.975,1995-12-01,-2.4492935982947064e-16,1.0,0.15151515151515152,1,1
1996,1,coal,68.694,1996-01-01,0.49999999999999994,0.8660254037844387,0.18181818181818182,1,1
1996,2,coal,52.973,1996-02-01,0.8660254037844386,0.5000000000000001,0.18181818181818182,1,1
1996,3,coal,62.268,1996-03-01,1.0,6.123233995736766e-17,0.18181818181818182,1,1
1996,4,coal,49.296,1996-04-01,0.8660254037844387,-0.4999999999999998,0.18181818181818182,1,1
1996,5,coal,57.272,1996-05-01,0.49999999999999994,-0.8660254037844387,0.18181818181818182,1,1
1996,6,coal,60.902,1996-06-01,1.2246467991473532e-16,-1.0,0.18181818181818182,1,1
1996,7,coal,61.049,1996-07-01,-0.4999999999999997,-0.8660254037844388,0.18181818181818182,1,1
1996,8,coal,55.442,1996-08-01,-0.8660254037844384,-0.5000000000000004,0.18181818181818182,1,1
1996,9,coal,60.335,1996-09-01,-1.0,-1.8369701987210297e-16,0.18181818181818182,1,1
1996,10,coal,59.492,1996-10-01,-0.8660254037844386,0.5000000000000001,0.18181818181818182,1,1
1996,11,coal,54.295,1996-11-01,-0.5000000000000004,0.8660254037844384,0.18181818181818182,1,1
1996,12,coal,49.21,1996-12-01,-2.4492935982947064e-16,1.0,0.18181818181818182,1,1
1997,1,coal,62.461,1997-01-01,0.49999999999999994,0.8660254037844387,0.21212121212121213,1,1
1997,2,coal,50.768,1997-02-01,0.8660254037844386,0.5000000000000001,0.21212121212121213,1,1
1997,3,coal,62.424,1997-03-01,1.0,6.123233995736766e-17,0.21212121212121213,1,1
1997,4,coal,57.75,1997-04-01,0.8660254037844387,-0.4999999999999998,0.21212121212121213,1,1
1997,5,coal,55.716,1997-05-01,0.49999999999999994,-0.8660254037844387,0.21212121212121213,1,1
1997,6,coal,62.323,1997-06-01,1.2246467991473532e-16,-1.0,0.21212121212121213,1,1
1997,7,coal,61.337,1997-07-01,-0.4999999999999997,-0.8660254037844388,0.21212121212121213,1,1
1997,8,coal,63.37,1997-08-01,-0.8660254037844384,-0.5000000000000004,0.21212121212121213,1,1
1997,9,coal,53.503,1997-09-01,-1.0,-1.8369701987210297e-16,0.21212121212121213,1,1
1997,10,coal,57.123,1997-10-01,-0.8660254037844386,0.5000000000000001,0.21212121212121213,1,1
1997,11,coal,52.175,1997-11-01,-0.5000000000000004,0.8660254037844384,0.21212121212121213,1,1
1997,12,coal,52.013,1997-12-01,-2.4492935982947064e-16,1.0,0.21212121212121213,1,1
1998,1,coal,62.484,1998-01-01,0.49999999999999994,0.8660254037844387,0.24242424242424243,1,1
1998,2,coal,59.967,1998-02-01,0.8660254037844386,0.5000000000000001,0.24242424242424243,1,1
1998,3,coal,59.345,1998-03-01,1.0,6.123233995736766e-17,0.24242424242424243,1,1
1998,4,coal,57.713,1998-04-01,0.8660254037844387,-0.4999999999999998,0.24242424242424243,1,1
1998,5,coal,59.12,1998-05-01,0.49999999999999994,-0.8660254037844387,0.24242424242424243,1,1
1998,6,coal,56.562,1998-06-01,1.2246467991473532e-16,-1.0,0.24242424242424243,1,1
1998,7,coal,58.387,1998-07-01,-0.4999999999999997,-0.8660254037844388,0.24242424242424243,1,1
1998,8,coal,55.663,1998-08-01,-0.8660254037844384,-0.5000000000000004,0.24242424242424243,1,1
1998,9,coal,56.329,1998-09-01,-1.0,-1.8369701987210297e-16,0.24242424242424243,1,1
1998,10,coal,67.234,1998-10-01,-0.8660254037844386,0.5000000000000001,0.24242424242424243,1,1
1998,11,coal,55.536,1998-11-01,-0.5000000000000004,0.8660254037844384,0.24242424242424243,1,1
1998,12,coal,52.032,1998-12-01,-2.4492935982947064e-16,1.0,0.24242424242424243,1,1
1999,1,coal,62.233,1999-01-01,0.49999999999999994,0.8660254037844387,0.2727272727272727,1,1
1999,2,coal,56.442,1999-02-01,0.8660254037844386,0.5000000000000001,0.2727272727272727,1,1
1999,3,coal,64.684,1999-03-01,1.0,6.123233995736766e-17,0.2727272727272727,1,1
1999,4,coal,61.81,1999-04-01,0.8660254037844387,-0.4999999999999998,0.2727272727272727,1,1
1999,5,coal,61.811,1999-05-01,0.49999999999999994,-0.8660254037844387,0.2727272727272727,1,1
1999,6,coal,56.565,1999-06-01,1.2246467991473532e-16,-1.0,0.2727272727272727,1,1
1999,7,coal,65.108,1999-07-01,-0.4999999999999997,-0.8660254037844388,0.2727272727272727,1,1
1999,8,coal,65.155,1999-08-01,-0.8660254037844384,-0.5000000000000004,0.2727272727272727,1,1
1999,9,coal,59.928,1999-09-01,-1.0,-1.8369701987210297e-16,0.2727272727272727,1,1
1999,10,coal,61.893,1999-10-01,-0.8660254037844386,0.5000000000000001,0.2727272727272727,1,1
1999,11,coal,60.46,1999-11-01,-0.5000000000000004,0.8660254037844384,0.2727272727272727,1,1
1999,12,coal,63.446,1999-12-01,-2.4492935982947064e-16,1.0,0.2727272727272727,1,1
2000,1,coal,66.682,2000-01-01,0.49999999999999994,0.8660254037844387,0.30303030303030304,1,1
2000,2,coal,57.543,2000-02-01,0.8660254037844386,0.5000000000000001,0.30303030303030304,1,1
2000,3,coal,62.828,2000-03-01,1.0,6.123233995736766e-17,0.30303030303030304,1,1
2000,4,coal,59.004,2000-04-01,0.8660254037844387,-0.4999999999999998,0.30303030303030304,1,1
2000,5,coal,60.611,2000-05-01,0.49999999999999994,-0.8660254037844387,0.30303030303030304,1,1
2000,6,coal,61.142,2000-06-01,1.2246467991473532e-16,-1.0,0.30303030303030304,1,1
2000,7,coal,67.553,2000-07-01,-0.4999999999999997,-0.8660254037844388,0.30303030303030304,1,1
2000,8,coal,59.455,2000-08-01,-0.8660254037844384,-0.5000000000000004,0.30303030303030304,1,1
2000,9,coal,64.162,2000-09-01,-1.0,-1.8369701987210297e-16,0.30303030303030304,1,1
2000,10,coal,60.684,2000-10-01,-0.8660254037844386,0.5000000000000001,0.30303030303030304,1,1
2000,11,coal,62.252,2000-11-01,-0.5000000000000004,0.8660254037844384,0.30303030303030304,1,1
2000,12,coal,63.428,2000-12-01,-2.4492935982947064e-16,1.0,0.30303030303030304,1,1
2001,1,coal,72.074,2001-01-01,0.49999999999999994,0.8660254037844387,0.3333333333333333,1,1
2001,2,coal,63.57,2001-02-01,0.8660254037844386,0.5000000000000001,0.3333333333333333,1,1
2001,3,coal,62.363,2001-03-01,1.0,6.123233995736766e-17,0.3333333333333333,1,1
2001,4,coal,63.842,2001-04-01,0.8660254037844387,-0.4999999999999998,0.3333333333333333,1,1
2001,5,coal,70.262,2001-05-01,0.49999999999999994,-0.8660254037844387,0.3333333333333333,1,1
2001,6,coal,67.754,2001-06-01,1.2246467991473532e-16,-1.0,0.3333333333333333,1,1
2001,7,coal,66.958,2001-07-01,-0.4999999999999997,-0.8660254037844388,0.3333333333333333,1,1
2001,8,coal,71.601,2001-08-01,-0.8660254037844384,-0.5000000000000004,0.3333333333333333,1,1
2001,9,coal,69.181,2001-09-01,-1.0,-1.8369701987210297e-16,0.3333333333333333,1,1
2001,10,coal,70.541,2001-10-01,-0.8660254037844386,0.5000000000000001,0.3333333333333333,1,1
2001,11,coal,67.167,2001-11-01,-0.5000000000000004,0.8660254037844384,0.3333333333333333,1,1
2001,12,coal,67.018,2001-12-01,-2.4492935982947064e-16,1.0,0.3333333333333333,1,1
2002,1,coal,67.916,2002-01-01,0.49999999999999994,0.8660254037844387,0.36363636363636365,1,1
2002,2,coal,62.387,2002-02-01,0.8660254037844386,0.5000000000000001,0.36363636363636365,1,1
2002,3,coal,68.78,2002-03-01,1.0,6.123233995736766e-17,0.36363636363636365,1,1
2002,4,coal,75.045,2002-04-01,0.8660254037844387,-0.4999999999999998,0.36363636363636365,1,1
2002,5,coal,60.999,2002-05-01,0.49999999999999994,-0.8660254037844387,0.36363636363636365,1,1
2002,6,coal,72.195,2002-06-01,1.2246467991473532e-16,-1.0,0.36363636363636365,1,1
2002,7,coal,74.661,2002-07-01,-0.4999999999999997,-0.8660254037844388,0.36363636363636365,1,1
2002,8,coal,73.648,2002-08-01,-0.8660254037844384,-0.5000000000000004,0.36363636363636365,1,1
2002,9,coal,71.705,2002-09-01,-1.0,-1.8369701987210297e-16,0.36363636363636365,1,1
2002,10,coal,67.941,2002-10-01,-0.8660254037844386,0.5000000000000001,0.36363636363636365,1,1
2002,11,coal,60.956,2002-11-01,-0.5000000000000004,0.8660254037844384,0.36363636363636365,1,1
2002,12,coal,68.624,2002-12-01,-2.4492935982947064e-16,1.0,0.36363636363636365,1,1
2003,1,coal,76.129,2003-01-01,0.49999999999999994,0.8660254037844387,0.3939393939393939,1,1
2003,2,coal,66.714,2003-02-01,0.8660254037844386,0.5000000000000001,0.3939393939393939,1,1
2003,3,coal,63.184,2003-03-01,1.0,6.123233995736766e-17,0.3939393939393939,1,1
2003,4,coal,63.045,2003-04-01,0.8660254037844387,-0.4999999999999998,0.3939393939393939,1,1
2003,5,coal,68.35,2003-05-01,0.49999999999999994,-0.8660254037844387,0.3939393939393939,1,1
2003,6,coal,69.015,2003-06-01,1.2246467991473532e-16,-1.0,0.3939393939393939,1,1
2003,7,coal,73.002,2003-07-01,-0.4999999999999997,-0.8660254037844388,0.3939393939393939,1,1
2003,8,coal,73.59,2003-08-01,-0.8660254037844384,-0.5000000000000004,0.3939393939393939,1,1
2003,9,coal,71.023,2003-09-01,-1.0,-1.8369701987210297e-16,0.3939393939393939,1,1
2003,10,coal,70.991,2003-10-01,-0.8660254037844386,0.5000000000000001,0.3939393939393939,1,1
2003,11,coal,70.453,2003-11-01,-0.5000000000000004,0.8660254037844384,0.3939393939393939,1,1
2003,12,coal,76.315,2003-12-01,-2.4492935982947064e-16,1.0,0.3939393939393939,1,1
2004,1,coal,71.849,2004-01-01,0.49999999999999994,0.8660254037844387,0.42424242424242425,1,1
2004,2,coal,62.291,2004-02-01,0.8660254037844386,0.5000000000000001,0.42424242424242425,1,1
2004,3,coal,75.35,2004-03-01,1.0,6.123233995736766e-17,0.42424242424242425,1,1
2004,4,coal,79.533,2004-04-01,0.8660254037844387,-0.4999999999999998,0.42424242424242425,1,1
2004,5,coal,74.516,2004-05-01,0.49999999999999994,-0.8660254037844387,0.42424242424242425,1,1
2004,6,coal,79.549,2004-06-01,1.2246467991473532e-16,-1.0,0.42424242424242425,1,1
2004,7,coal,84.82,2004-07-01,-0.4999999999999997,-0.8660254037844388,0.42424242424242425,1,1
2004,8,coal,74.178,2004-08-01,-0.8660254037844384,-0.5000000000000004,0.42424242424242425,1,1
2004,9,coal,75.231,2004-09-01,-1.0,-1.8369701987210297e-16,0.42424242424242425,1,1
2004,10,coal,73.038,2004-10-01,-0.8660254037844386,0.5000000000000001,0.42424242424242425,1,1
2004,11,coal,71.647,2004-11-01,-0.5000000000000004,0.8660254037844384,0.42424242424242425,1,1
2004,12,coal,70.488,2004-12-01,-2.4492935982947064e-16,1.0,0.42424242424242425,1,1
2005,1,coal,76.24,2005-01-01,0.49999999999999994,0.8660254037844387,0.45454545454545453,1,1
2005,2,coal,65.904,2005-02-01,0.8660254037844386,0.5000000000000001,0.45454545454545453,1,1
2005,3,coal,77.464,2005-03-01,1.0,6.123233995736766e-17,0.45454545454545453,1,1
2005,4,coal,75.213,2005-04-01,0.8660254037844387,-0.4999999999999998,0.45454545454545453,1,1
2005,5,coal,83.222,2005-05-01,0.49999999999999994,-0.8660254037844387,0.45454545454545453,1,1
2005,6,coal,78.171,2005-06-01,1.2246467991473532e-16,-1.0,0.45454545454545453,1,1
2005,7,coal,86.169,2005-07-01,-0.4999999999999997,-0.8660254037844388,0.45454545454545453,1,1
2005,8,coal,79.694,2005-08-01,-0.8660254037844384,-0.5000000000000004,0.45454545454545453,1,1
2005,9,coal,83.961,2005-09-01,-1.0,-1.8369701987210297e-16,0.45454545454545453,1,1
2005,10,coal,90.757,2005-10-01,-0.8660254037844386,0.5000000000000001,0.45454545454545453,1,1
2005,11,coal,70.405,2005-11-01,-0.5000000000000004,0.8660254037844384,0.45454545454545453,1,1
2005,12,coal,69.432,2005-12-01,-2.4492935982947064e-16,1.0,0.45454545454545453,1,1
2006,1,coal,86.878,2006-01-01,0.49999999999999994,0.8660254037844387,0.48484848484848486,1,1
2006,2,coal,69.268,2006-02-01,0.8660254037844386,0.5000000000000001,0.48484848484848486,1,1
2006,3,coal,86.157,2006-03-01,1.0,6.123233995736766e-17,0.48484848484848486,1,1
2006,4,coal,83.619,2006-04-01,0.8660254037844387,-0.4999999999999998,0.48484848484848486,1,1
2006,5,coal,84.236,2006-05-01,0.49999999999999994,-0.8660254037844387,0.48484848484848486,1,1
2006,6,coal,89.495,2006-06-01,1.2246467991473532e-16,-1.0,0.48484848484848486,1,1
2006,7,coal,84.268,2006-07-01,-0.4999999999999997,-0.8660254037844388,0.48484848484848486,1,1
2006,8,coal,89.911,2006-08-01,-0.8660254037844384,-0.5000000000000004,0.48484848484848486,1,1
2006,9,coal,73.702,2006-09-01,-1.0,-1.8369701987210297e-16,0.48484848484848486,1,1
2006,10,coal,85.238,2006-10-01,-0.8660254037844386,0.5000000000000001,0.48484848484848486,1,1
2006,11,coal,73.935,2006-11-01,-0.5000000000000004,0.8660254037844384,0.48484848484848486,1,1
2006,12,coal,72.461,2006-12-01,-2.4492935982947064e-16,1.0,0.48484848484848486,1,1
2007,1,coal,92.471,2007-01-01,0.49999999999999994,0.8660254037844387,0.5151515151515151,1,1
2007,2,coal,83.919,2007-02-01,0.8660254037844386,0.5000000000000001,0.5151515151515151,1,1
2007,3,coal,73.418,2007-03-01,1.0,6.123233995736766e-17,0.5151515151515151,1,1
2007,4,coal,87.569,2007-04-01,0.8660254037844387,-0.4999999999999998,0.5151515151515151,1,1
2007,5,coal,90.046,2007-05-01,0.49999999999999994,-0.8660254037844387,0.5151515151515151,1,1
2007,6,coal,87.979,2007-06-01,1.2246467991473532e-16,-1.0,0.5151515151515151,1,1
2007,7,coal,85.273,2007-07-01,-0.4999999999999997,-0.8660254037844388,0.5151515151515151,1,1
2007,8,coal,85.363,2007-08-01,-0.8660254037844384,-0.5000000000000004,0.5151515151515151,1,1
2007,9,coal,89.255,2007-09-01,-1.0,-1.8369701987210297e-16,0.5151515151515151,1,1
2007,10,coal,83.444,2007-10-01,-0.8660254037844386,0.5000000000000001,0.5151515151515151,1,1
2007,11,coal,85.354,2007-11-01,-0.5000000000000004,0.8660254037844384,0.5151515151515151,1,1
2007,12,coal,85.769,2007-12-01,-2.4492935982947064e-16,1.0,0.5151515151515151,1,1
2008,1,coal,90.405,2008-01-01,0.49999999999999994,0.8660254037844387,0.5454545454545454,1,1
2008,2,coal,81.654,2008-02-01,0.8660254037844386,0.5000000000000001,0.5454545454545454,1,1
2008,3,coal,89.697,2008-03-01,1.0,6.123233995736766e-17,0.5454545454545454,1,1
2008,4,coal,85.606,2008-04-01,0.8660254037844387,-0.4999999999999998,0.5454545454545454,1,1
2008,5,coal,95.352,2008-05-01,0.49999999999999994,-0.8660254037844387,0.5454545454545454,1,1
2008,6,coal,89.617,2008-06-01,1.2246467991473532e-16,-1.0,0.5454545454545454,1,1
2008,7,coal,99.425,2008-07-01,-0.4999999999999997,-0.8660254037844388,0.5454545454545454,1,1
2008,8,coal,90.754,2008-08-01,-0.8660254037844384,-0.5000000000000004,0.5454545454545454,1,1
2008,9,coal,90.95,2008-09-01,-1.0,-1.8369701987210297e-16,0.5454545454545454,1,1
2008,10,coal,87.854,2008-10-01,-0.8660254037844386,0.5000000000000001,0.5454545454545454,1,1
2008,11,coal,75.36,2008-11-01,-0.5000000000000004,0.8660254037844384,0.5454545454545454,1,1
2008,12,coal,92.056,2008-12-01,-2.4492935982947064e-16,1.0,0.5454545454545454,1,1
2009,1,coal,94.371,2009-01-01,0.49999999999999994,0.8660254037844387,0.5757575757575758,1,1
2009,2,coal,92.659,2009-02-01,0.8660254037844386,0.5000000000000001,0.5757575757575758,1,1
2009,3,coal,86.249,2009-03-01,1.0,6.123233995736766e-17,0.5757575757575758,1,1
2009,4,coal,90.764,2009-04-01,0.8660254037844387,-0.4999999999999998,0.5757575757575758,1,1
2009,5,coal,105.702,2009-05-01,0.49999999999999994,-0.8660254037844387,0.5757575757575758,1,1
2009,6,coal,91.052,2009-06-01,1.2246467991473532e-16,-1.0,0.5757575757575758,1,1
2009,7,coal,93.267,2009-07-01,-0.4999999999999997,-0.8660254037844388,0.5757575757575758,1,1
2009,8,coal,99.928,2009-08-01,-0.8660254037844384,-0.5000000000000004,0.5757575757575758,1,1
2009,9,coal,97.03,2009-09-01,-1.0,-1.8369701987210297e-16,0.5757575757575758,1,1
2009,10,coal,113.442,2009-10-01,-0.8660254037844386,0.5000000000000001,0.5757575757575758,1,1
2009,11,coal,91.479,2009-11-01,-0.5000000000000004,0.8660254037844384,0.5757575757575758,1,1
2009,12,coal,93.799,2009-12-01,-2.4492935982947064e-16,1.0,0.5757575757575758,1,1
2010,1,coal,106.196,2010-01-01,0.49999999999999994,0.8660254037844387,0.6060606060606061,1,1
2010,2,coal,80.65,2010-02-01,0.8660254037844386,0.5000000000000001,0.6060606060606061,1,1
2010,3,coal,91.892,2010-03-01,1.0,6.123233995736766e-17,0.6060606060606061,1,1
2010,4,coal,115.044,2010-04-01,0.8660254037844387,-0.4999999999999998,0.6060606060606061,1,1
2010,5,coal,114.547,2010-05-01,0.49999999999999994,-0.8660254037844387,0.6060606060606061,1,1
2010,6,coal,112.134,2010-06-01,1.2246467991473532e-16,-1.0,0.6060606060606061,1,1
2010,7,coal,97.31,2010-07-01,-0.4999999999999997,-0.8660254037844388,0.6060606060606061,1,1
2010,8,coal,97.661,2010-08-01,-0.8660254037844384,-0.5000000000000004,0.6060606060606061,1,1
2010,9,coal,107.721,2010-09-01,-1.0,-1.8369701987210297e-16,0.6060606060606061,1,1
2010,10,coal,100.182,2010-10-01,-0.8660254037844386,0.5000000000000001,0.6060606060606061,1,1
2010,11,coal,103.953,2010-11-01,-0.5000000000000004,0.8660254037844384,0.6060606060606061,1,1
2010,12,coal,107.343,2010-12-01,-2.4492935982947064e-16,1.0,0.6060606060606061,1,1
2011,1,coal,104.994,2011-01-01,0.49999999999999994,0.8660254037844387,0.6363636363636364,1,1
2011,2,coal,96.817,2011-02-01,0.8660254037844386,0.5000000000000001,0.6363636363636364,1,1
2011,3,coal,107.196,2011-03-01,1.0,6.123233995736766e-17,0.6363636363636364,1,1
2011,4,coal,93.189,2011-04-01,0.8660254037844387,-0.4999999999999998,0.6363636363636364,1,1
2011,5,coal,103.039,2011-05-01,0.49999999999999994,-0.8660254037844387,0.6363636363636364,1,1
2011,6,coal,113.332,2011-06-01,1.2246467991473532e-16,-1.0,0.6363636363636364,1,1
2011,7,coal,106.096,2011-07-01,-0.4999999999999997,-0.8660254037844388,0.6363636363636364,1,1
2011,8,coal,98.328,2011-08-01,-0.8660254037844384,-0.5000000000000004,0.6363636363636364,1,1
2011,9,coal,110.179,2011-09-01,-1.0,-1.8369701987210297e-16,0.6363636363636364,1,1
2011,10,coal,113.229,2011-10-01,-0.8660254037844386,0.5000000000000001,0.6363636363636364,1,1
2011,11,coal,109.231,2011-11-01,-0.5000000000000004,0.8660254037844384,0.6363636363636364,1,1
2011,12,coal,96.382,2011-12-01,-2.4492935982947064e-16,1.0,0.6363636363636364,1,1
2012,1,coal,124.246,2012-01-01,0.49999999999999994,0.8660254037844387,0.6666666666666666,1,1
2012,2,coal,102.561,2012-02-01,0.8660254037844386,0.5000000000000001,0.6666666666666666,1,1
2012,3,coal,111.186,2012-03-01,1.0,6.123233995736766e-17,0.6666666666666666,1,1
2012,4,coal,113.542,2012-04-01,0.8660254037844387,-0.4999999999999998,0.6666666666666666,1,1
2012,5,coal,121.945,2012-05-01,0.49999999999999994,-0.8660254037844387,0.6666666666666666,1,1
2012,6,coal,116.806,2012-06-01,1.2246467991473532e-16,-1.0,0.6666666666666666,1,1
2012,7,coal,107.306,2012-07-01,-0.4999999999999997,-0.8660254037844388,0.6666666666666666,1,1
2012,8,coal,112.869,2012-08-01,-0.8660254037844384,-0.5000000000000004,0.6666666666666666,1,1
2012,9,coal,110.598,2012-09-01,-1.0,-1.8369701987210297e-16,0.6666666666666666,1,1
2012,10,coal,116.672,2012-10-01,-0.8660254037844386,0.5000000000000001,0.6666666666666666,1,1
2012,11,coal,109.158,2012-11-01,-0.5000000000000004,0.8660254037844384,0.6666666666666666,1,1
2012,12,coal,103.15,2012-12-01,-2.4492935982947064e-16,1.0,0.6666666666666666,1,1
2013,1,coal,123.993,2013-01-01,0.49999999999999994,0.8660254037844387,0.696969696969697,1,1
2013,2,coal,114.999,2013-02-01,0.8660254037844386,0.5000000000000001,0.696969696969697,1,1
2013,3,coal,110.795,2013-03-01,1.0,6.123233995736766e-17,0.696969696969697,1,1
2013,4,coal,120.21,2013-04-01,0.8660254037844387,-0.4999999999999998,0.696969696969697,1,1
2013,5,coal,117.227,2013-05-01,0.49999999999999994,-0.8660254037844387,0.696969696969697,1,1
2013,6,coal,121.072,2013-06-01,1.2246467991473532e-16,-1.0,0.696969696969697,1,1
2013,7,coal,131.09,2013-07-01,-0.4999999999999997,-0.8660254037844388,0.696969696969697,1,1
2013,8,coal,134.927,2013-08-01,-0.8660254037844384,-0.5000000000000004,0.696969696969697,1,1
2013,9,coal,112.869,2013-09-01,-1.0,-1.8369701987210297e-16,0.696969696969697,1,1
2013,10,coal,117.687,2013-10-01,-0.8660254037844386,0.5000000000000001,0.696969696969697,1,1
2013,11,coal,124.014,2013-11-01,-0.5000000000000004,0.8660254037844384,0.696969696969697,1,1
2013,12,coal,109.616,2013-12-01,-2.4492935982947064e-16,1.0,0.696969696969697,1,1
2014,1,coal,126.364,2014-01-01,0.49999999999999994,0.8660254037844387,0.7272727272727273,1,1
2014,2,coal,105.362,2014-02-01,0.8660254037844386,0.5000000000000001,0.7272727272727273,1,1
2014,3,coal,121.503,2014-03-01,1.0,6.123233995736766e-17,0.7272727272727273,1,1
2014,4,coal,132.917,2014-04-01,0.8660254037844387,-0.4999999999999998,0.7272727272727273,1,1
2014,5,coal,135.57,2014-05-01,0.49999999999999994,-0.8660254037844387,0.7272727272727273,1,1
2014,6,coal,126.142,2014-06-01,1.2246467991473532e-16,-1.0,0.7272727272727273,1,1
2014,7,coal,141.341,2014-07-01,-0.4999999999999997,-0.8660254037844388,0.7272727272727273,1,1
2014,8,coal,125.904,2014-08-01,-0.8660254037844384,-0.5000000000000004,0.7272727272727273,1,1
2014,9,coal,136.628,2014-09-01,-1.0,-1.8369701987210297e-16,0.7272727272727273,1,1
2014,10,coal,131.763,2014-10-01,-0.8660254037844386,0.5000000000000001,0.7272727272727273,1,1
2014,11,coal,118.198,2014-11-01,-0.5000000000000004,0.8660254037844384,0.7272727272727273,1,1
2014,12,coal,113.677,2014-12-01,-2.4492935982947064e-16,1.0,0.7272727272727273,1,1
2015,1,coal,134.979,2015-01-01,0.49999999999999994,0.8660254037844387,0.7575757575757576,1,1
2015,2,coal,117.419,2015-02-01,0.8660254037844386,0.5000000000000001,0.7575757575757576,1,1
2015,3,coal,126.546,2015-03-01,1.0,6.123233995736766e-17,0.7575757575757576,1,1
2015,4,coal,120.332,2015-04-01,0.8660254037844387,-0.4999999999999998,0.7575757575757576,1,1
2015,5,coal,123.833,2015-05-01,0.49999999999999994,-0.8660254037844387,0.7575757575757576,1,1
2015,6,coal,129.117,2015-06-01,1.2246467991473532e-16,-1.0,0.7575757575757576,1,1
2015,7,coal,128.785,2015-07-01,-0.4999999999999997,-0.8660254037844388,0.7575757575757576,1,1
2015,8,coal,139.036,2015-08-01,-0.8660254037844384,-0.5000000000000004,0.7575757575757576,1,1
2015,9,coal,138.396,2015-09-01,-1.0,-1.8369701987210297e-16,0.7575757575757576,1,1
2015,10,coal,139.446,2015-10-01,-0.8660254037844386,0.5000000000000001,0.7575757575757576,1,1
2015,11,coal,124.61,2015-11-01,-0.5000000000000004,0.8660254037844384,0.7575757575757576,1,1
2015,12,coal,120.647,2015-12-01,-2.4492935982947064e-16,1.0,0.7575757575757576,1,1
2016,1,coal,136.965,2016-01-01,0.49999999999999994,0.8660254037844387,0.7878787878787878,1,1
2016,2,coal,106.512,2016-02-01,0.8660254037844386,0.5000000000000001,0.7878787878787878,1,1
2016,3,coal,135.878,2016-03-01,1.0,6.123233995736766e-17,0.7878787878787878,1,1
2016,4,coal,140.638,2016-04-01,0.8660254037844387,-0.4999999999999998,0.7878787878787878,1,1
2016,5,coal,136.383,2016-05-01,0.49999999999999994,-0.8660254037844387,0.7878787878787878,1,1
2016,6,coal,147.718,2016-06-01,1.2246467991473532e-16,-1.0,0.7878787878787878,1,1
2016,7,coal,138.572,2016-07-01,-0.4999999999999997,-0.8660254037844388,0.7878787878787878,1,1
2016,8,coal,122.298,2016-08-01,-0.8660254037844384,-0.5000000000000004,0.7878787878787878,1,1
2016,9,coal,137.838,2016-09-01,-1.0,-1.8369701987210297e-16,0.7878787878787878,1,1
2016,10,coal,133.316,2016-10-01,-0.8660254037844386,0.5000000000000001,0.7878787878787878,1,1
2016,11,coal,126.07,2016-11-01,-0.5000000000000004,0.8660254037844384,0.7878787878787878,1,1
2016,12,coal,128.11,2016-12-01,-2.4492935982947064e-16,1.0,0.7878787878787878,1,1
2017,1,coal,138.021,2017-01-01,0.49999999999999994,0.8660254037844387,0.8181818181818182,1,1
2017,2,coal,117.273,2017-02-01,0.8660254037844386,0.5000000000000001,0.8181818181818182,1,1
2017,3,coal,146.61,2017-03-01,1.0,6.123233995736766e-17,0.8181818181818182,1,1
2017,4,coal,122.876,2017-04-01,0.8660254037844387,-0.4999999999999998,0.8181818181818182,1,1
2017,5,coal,146.545,2017-05-01,0.49999999999999994,-0.8660254037844387,0.8181818181818182,1,1
2017,6,coal,139.164,2017-06-01,1.2246467991473532e-16,-1.0,0.8181818181818182,1,1
2017,7,coal,135.7,2017-07-01,-0.4999999999999997,-0.8660254037844388,0.8181818181818182,1,1
2017,8,coal,138.801,2017-08-01,-0.8660254037844384,-0.5000000000000004,0.8181818181818182,1,1
2017,9,coal,129.985,2017-09-01,-1.0,-1.8369701987210297e-16,0.8181818181818182,1,1
2017,10,coal,139.34,2017-10-01,-0.8660254037844386,0.5000000000000001,0.8181818181818182,1,1
2017,11,coal,137.809,2017-11-01,-0.5000000000000004,0.8660254037844384,0.8181818181818182,1,1
2017,12,coal,137.307,2017-12-01,-2.4492935982947064e-16,1.0,0.8181818181818182,1,1
2018,1,coal,143.675,2018-01-01,0.49999999999999994,0.8660254037844387,0.8484848484848485,1,1
2018,2,coal,140.45,2018-02-01,0.8660254037844386,0.5000000000000001,0.8484848484848485,1,1
2018,3,coal,145.022,2018-03-01,1.0,6.123233995736766e-17,0.8484848484848485,1,1
2018,4,coal,141.314,2018-04-01,0.8660254037844387,-0.4999999999999998,0.8484848484848485,1,1
2018,5,coal,160.137,2018-05-01,0.49999999999999994,-0.8660254037844387,0.8484848484848485,1,1
2018,6,coal,135.91,2018-06-01,1.2246467991473532e-16,-1.0,0.8484848484848485,1,1
2018,7,coal,163.991,2018-07-01,-0.4999999999999997,-0.8660254037844388,0.8484848484848485,1,1
2018,8,coal,147.954,2018-08-01,-0.8660254037844384,-0.5000000000000004,0.8484848484848485,1,1
2018,9,coal,153.992,2018-09-01,-1.0,-1.8369701987210297e-16,0.8484848484848485,1,1
2018,10,coal,145.897,2018-10-01,-0.8660254037844386,0.5000000000000001,0.8484848484848485,1,1
2018,11,coal,146.048,2018-11-01,-0.5000000000000004,0.8660254037844384,0.8484848484848485,1,1
2018,12,coal,140.233,2018-12-01,-2.4492935982947064e-16,1.0,0.8484848484848485,1,1
2019,1,coal,161.369,2019-01-01,0.49999999999999994,0.8660254037844387,0.8787878787878788,1,1
2019,2,coal,138.208,2019-02-01,0.8660254037844386,0.5000000000000001,0.8787878787878788,1,1
2019,3,coal,144.894,2019-03-01,1.0,6.123233995736766e-17,0.8787878787878788,1,1
2019,4,coal,132.97,2019-04-01,0.8660254037844387,-0.4999999999999998,0.8787878787878788,1,1
2019,5,coal,150.978,2019-05-01,0.49999999999999994,-0.8660254037844387,0.8787878787878788,1,1
2019,6,coal,152.542,2019-06-01,1.2246467991473532e-16,-1.0,0.8787878787878788,1,1
2019,7,coal,148.928,2019-07-01,-0.4999999999999997,-0.8660254037844388,0.8787878787878788,1,1
2019,8,coal,140.533,2019-08-01,-0.8660254037844384,-0.5000000000000004,0.8787878787878788,1,1
2019,9,coal,137.557,2019-09-01,-1.0,-1.8369701987210297e-16,0.8787878787878788,1,1
2019,10,coal,145.924,2019-10-01,-0.8660254037844386,0.5000000000000001,0.8787878787878788,1,1
2019,11,coal,144.02,2019-11-01,-0.5000000000000004,0.8660254037844384,0.8787878787878788,1,1
2019,12,coal,142.183,2019-12-01,-2.4492935982947064e-16,1.0,0.8787878787878788,1,1
2020,1,coal,149.252,2020-01-01,0.49999999999999994,0.8660254037844387,0.9090909090909091,1,1
2020,2,coal,118.347,2020-02-01,0.8660254037844386,0.5000000000000001,0.9090909090909091,1,1
2020,3,coal,142.364,2020-03-01,1.0,6.123233995736766e-17,0.9090909090909091,1,1
2020,4,coal,129.089,2020-04-01,0.8660254037844387,-0.4999999999999998,0.9090909090909091,1,1
2020,5,coal,145.336,2020-05-01,0.49999999999999994,-0.8660254037844387,0.9090909090909091,1,1
2020,6,coal,150.338,2020-06-01,1.2246467991473532e-16,-1.0,0.9090909090909091,1,1
2020,7,coal,129.397,2020-07-01,-0.4999999999999997,-0.8660254037844388,0.9090909090909091,1,1
2020,8,coal,141.616,2020-08-01,-0.8660254037844384,-0.5000000000000004,0.9090909090909091,1,1
2020,9,coal,130.952,2020-09-01,-1.0,-1.8369701987210297e-16,0.9090909090909091,1,1
2020,10,coal,134.144,2020-10-01,-0.8660254037844386,0.5000000000000001,0.9090909090909091,1,1
2020,11,coal,142.979,2020-11-01,-0.5000000000000004,0.8660254037844384,0.9090909090909091,1,1
2020,12,coal,143.4,2020-12-01,-2.4492935982947064e-16,1.0,0.9090909090909091,1,1
2021,1,coal,152.865,2021-01-01,0.49999999999999994,0.8660254037844387,0.9393939393939394,1,1
2021,2,coal,122.335,2021-02-01,0.8660254037844386,0.5000000000000001,0.9393939393939394,1,1
2021,3,coal,147.404,2021-03-01,1.0,6.123233995736766e-17,0.9393939393939394,1,1
2021,4,coal,137.829,2021-04-01,0.8660254037844387,-0.4999999999999998,0.9393939393939394,1,1
2021,5,coal,149.941,2021-05-01,0.49999999999999994,-0.8660254037844387,0.9393939393939394,1,1
2021,6,coal,141.536,2021-06-01,1.2246467991473532e-16,-1.0,0.9393939393939394,1,1
2021,7,coal,155.228,2021-07-01,-0.4999999999999997,-0.8660254037844388,0.9393939393939394,1,1
2021,8,coal,133.353,2021-08-01,-0.8660254037844384,-0.5000000000000004,0.9393939393939394,1,1
2021,9,coal,127.389,2021-09-01,-1.0,-1.8369701987210297e-16,0.9393939393939394,1,1
2021,10,coal,163.512,2021-10-01,-0.8660254037844386,0.5000000000000001,0.9393939393939394,1,1
2021,11,coal,128.436,2021-11-01,-0.5000000000000004,0.8660254037844384,0.9393939393939394,1,1
2021,12,coal,140.449,2021-12-01,-2.4492935982947064e-16,1.0,0.9393939393939394,1,1
2022,1,coal,156.087,2022-01-01,0.49999999999999994,0.8660254037844387,0.9696969696969697,1,1
2022,2,coal,166.626,2022-02-01,0.8660254037844386,0.5000000000000001,0.9696969696969697,1,1
2022,3,coal,146.003,2022-03-01,1.0,6.123233995736766e-17,0.9696969696969697,1,1
2022,4,coal,163.243,2022-04-01,0.8660254037844387,-0.4999999999999998,0.9696969696969697,1,1
2022,5,coal,161.397,2022-05-01,0.49999999999999994,-0.8660254037844387,0.9696969696969697,1,1
2022,6,coal,145.192,2022-06-01,1.2246467991473532e-16,-1.0,0.9696969696969697,1,1
2022,7,coal,148.894,2022-07-01,-0.4999999999999997,-0.8660254037844388,0.9696969696969697,1,1
2022,8,coal,168.654,2022-08-01,-0.8660254037844384,-0.5000000000000004,0.9696969696969697,1,1
2022,9,coal,145.689,2022-09-01,-1.0,-1.8369701987210297e-16,0.9696969696969697,1,1
2022,10,coal,158.08,2022-10-01,-0.8660254037844386,0.5000000000000001,0.9696969696969697,1,1
2022,11,coal,150.451,2022-11-01,-0.5000000000000004,0.8660254037844384,0.9696969696969697,1,1
2022,12,coal,156.688,2022-12-01,-2.4492935982947064e-16,1.0,0.9696969696969697,1,1
2023,1,coal,150.319,2023-01-01,0.49999999999999994,0.8660254037844387,1.0,1,1
2023,2,coal,157.028,2023-02-01,0.8660254037844386,0.5000000000000001,1.0,1,1
2023,3,coal,150.727,2023-03-01,1.0,6.123233995736766e-17,1.0,1,1
2023,4,coal,146.48,2023-04-01,0.8660254037844387,-0.4999999999999998,1.0,1,1
2023,5,coal,166.238,2023-05-01,0.49999999999999994,-0.8660254037844387,1.0,1,1
2023,6,coal,166.033,2023-06-01,1.2246467991473532e-16,-1.0,1.0,1,1
2023,7,coal,149.154,2023-07-01,-0.4999999999999997,-0.8660254037844388,1.0,1,1
2023,8,coal,172.251,2023-08-01,-0.8660254037844384,-0.5000000000000004,1.0,1,1
2023,9,coal,153.377,2023-09-01,-1.0,-1.8369701987210297e-16,1.0,1,1
2023,10,coal,162.379,2023-10-01,-0.8660254037844386,0.5000000000000001,1.0,1,1
2023,11,coal,178.477,2023-11-01,-0.5000000000000004,0.8660254037844384,1.0,1,1
2023,12,coal,155.951,2023-12-01,-2.4492935982947064e-16,1.0,1.0,1,1
1990,1,gas,2.713,1990-01-01,0.49999999999999994,0.8660254037844387,0.0,2,3
1990,2,gas,2.356,1990-02-01,0.8660254037844386,0.5000000000000001,0.0,2,3
1990,3,gas,2.18,1990-03-01,1.0,6.123233995736766e-17,0.0,2,3
1990,4,gas,2.174,1990-04-01,0.8660254037844387,-0.4999999999999998,0.0,2,3
1990,5,gas,2.386,1990-05-01,0.49999999999999994,-0.8660254037844387,0.0,2,3
1990,6,gas,2.221,1990-06-01,1.2246467991473532e-16,-1.0,0.0,2,3
1990,7,gas,1.987,1990-07-01,-0.4999999999999997,-0.8660254037844388,0.0,2,3
1990,8,gas,2.161,1990-08-01,-0.8660254037844384,-0.5000000000000004,0.0,2,3
1990,9,gas,2.726,1990-09-01,-1.0,-1.8369701987210297e-16,0.0,2,3
1990,10,gas,2.766,1990-10-01,-0.8660254037844386,0.5000000000000001,0.0,2,3
1990,11,gas,2.595,1990-11-01,-0.5000000000000004,0.8660254037844384,0.0,2,3
1990,12,gas,2.746,1990-12-01,-2.4492935982947064e-16,1.0,0.0,2,3
1991,1,gas,2.501,1991-01-01,0.49999999999999994,0.8660254037844387,0.030303030303030304,2,3
1991,2,gas,2.498,1991-02-01,0.8660254037844386,0.5000000000000001,0.030303030303030304,2,3
1991,3,gas,2.508,1991-03-01,1.0,6.123233995736766e-17,0.030303030303030304,2,3
1991,4,gas,2.461,1991-04-01,0.8660254037844387,-0.4999999999999998,0.030303030303030304,2,3
1991,5,gas,2.203,1991-05-01,0.49999999999999994,-0.8660254037844387,0.030303030303030304,2,3
1991,6,gas,2.053,1991-06-01,1.2246467991473532e-16,-1.0,0.030303030303030304,2,3
1991,7,gas,2.257,1991-07-01,-0.4999999999999997,-0.8660254037844388,0.030303030303030304,2,3
1991,8,gas,2.462,1991-08-01,-0.8660254037844384,-0.5000000000000004,0.030303030303030304,2,3
1991,9,gas,2.756,1991-09-01,-1.0,-1.8369701987210297e-16,0.030303030303030304,2,3
1991,10,gas,2.79,1991-10-01,-0.8660254037844386,0.5000000000000001,0.030303030303030304,2,3
1991,11,gas,2.995,1991-11-01,-0.5000000000000004,0.8660254037844384,0.030303030303030304,2,3
1991,12,gas,3.102,1991-12-01,-2.4492935982947064e-16,1.0,0.030303030303030304,2,3
1992,1,gas,2.69,1992-01-01,0.49999999999999994,0.8660254037844387,0.06060606060606061,2,3
1992,2,gas,2.896,1992-02-01,0.8660254037844386,0.5000000000000001,0.06060606060606061,2,3
1992,3,gas,2.591,1992-03-01,1.0,6.123233995736766e-17,0.06060606060606061,2,3
1992,4,gas,2.652,1992-04-01,0.8660254037844387,-0.4999999999999998,0.06060606060606061,2,3
1992,5,gas,2.423,1992-05-01,0.49999999999999994,-0.8660254037844387,0.06060606060606061,2,3
1992,6,gas,2.64,1992-06-01,1.2246467991473532e-16,-1.0,0.06060606060606061,2,3
1992,7,gas,2.269,1992-07-01,-0.4999999999999997,-0.8660254037844388,0.06060606060606061,2,3
1992,8,gas,2.248,1992-08-01,-0.8660254037844384,-0.5000000000000004,0.06060606060606061,2,3
1992,9,gas,3.077,1992-09-01,-1.0,-1.8369701987210297e-16,0.06060606060606061,2,3
1992,10,gas,2.999,1992-10-01,-0.8660254037844386,0.5000000000000001,0.06060606060606061,2,3
1992,11,gas,3.207,1992-11-01,-0.5000000000000004,0.8660254037844384,0.06060606060606061,2,3
1992,12,gas,3.11,1992-12-01,-2.4492935982947064e-16,1.0,0.06060606060606061,2,3
1993,1,gas,3.151,1993-01-01,0.49999999999999994,0.8660254037844387,0.09090909090909091,2,3
1993,2,gas,3.082,1993-02-01,0.8660254037844386,0.5000000000000001,0.09090909090909091,2,3
1993,3,gas,2.798,1993-03-01,1.0,6.123233995736766e-17,0.09090909090909091,2,3
1993,4,gas,2.641,1993-04-01,0.8660254037844387,-0.4999999999999998,0.09090909090909091,2,3
1993,5,gas,2.869,1993-05-01,0.49999999999999994,-0.8660254037844387,0.09090909090909091,2,3
1993,6,gas,2.628,1993-06-01,1.2246467991473532e-16,-1.0,0.09090909090909091,2,3
1993,7,gas,2.58,1993-07-01,-0.4999999999999997,-0.8660254037844388,0.09090909090909091,2,3
1993,8,gas,2.876,1993-08-01,-0.8660254037844384,-0.5000000000000004,0.09090909090909091,2,3
1993,9,gas,3.129,1993-09-01,-1.0,-1.8369701987210297e-16,0.09090909090909091,2,3
1993,10,gas,2.887,1993-10-01,-0.8660254037844386,0.5000000000000001,0.09090909090909091,2,3
1993,11,gas,3.492,1993-11-01,-0.5000000000000004,0.8660254037844384,0.09090909090909091,2,3
1993,12,gas,3.535,1993-12-01,-2.4492935982947064e-16,1.0,0.09090909090909091,2,3
1994,1,gas,3.196,1994-01-01,0.49999999999999994,0.8660254037844387,0.12121212121212122,2,3
1994,2,gas,3.42,1994-02-01,0.8660254037844386,0.5000000000000001,0.12121212121212122,2,3
1994,3,gas,3.051,1994-03-01,1.0,6.123233995736766e-17,0.12121212121212122,2,3
1994,4,gas,2.86,1994-04-01,0.8660254037844387,-0.4999999999999998,0.12121212121212122,2,3
1994,5,gas,2.898,1994-05-01,0.49999999999999994,-0.8660254037844387,0.12121212121212122,2,3
1994,6,gas,3.031,1994-06-01,1.2246467991473532e-16,-1.0,0.12121212121212122,2,3
1994,7,gas,2.702,1994-07-01,-0.4999999999999997,-0.8660254037844388,0.12121212121212122,2,3
1994,8,gas,3.19,1994-08-01,-0.8660254037844384,-0.5000000000000004,0.12121212121212122,2,3
1994,9,gas,3.128,1994-09-01,-1.0,-1.8369701987210297e-16,0.12121212121212122,2,3
1994,10,gas,3.251,1994-10-01,-0.8660254037844386,0.5000000000000001,0.12121212121212122,2,3
1994,11,gas,3.705,1994-11-01,-0.5000000000000004,0.8660254037844384,0.12121212121212122,2,3
1994,12,gas,3.597,1994-12-01,-2.4492935982947064e-16,1.0,0.12121212121212122,2,3
1995,1,gas,3.609,1995-01-01,0.49999999999999994,0.8660254037844387,0.15151515151515152,2,3
1995,2,gas,3.381,1995-02-01,0.8660254037844386,0.5000000000000001,0.15151515151515152,2,3
1995,3,gas,3.532,1995-03-01,1.0,6.123233995736766e-17,0.15151515151515152,2,3
1995,4,gas,3.122,1995-04-01,0.8660254037844387,-0.4999999999999998,0.15151515151515152,2,3
1995,5,gas,2.879,1995-05-01,0.49999999999999994,-0.8660254037844387,0.15151515151515152,2,3
1995,6,gas,3.218,1995-06-01,1.2246467991473532e-16,-1.0,0.15151515151515152,2,3
1995,7,gas,3.059,1995-07-01,-0.4999999999999997,-0.8660254037844388,0.15151515151515152,2,3
1995,8,gas,3.556,1995-08-01,-0.8660254037844384,-0.5000000000000004,0.15151515151515152,2,3
1995,9,gas,3.512,1995-09-01,-1.0,-1.8369701987210297e-16,0.15151515151515152,2,3
1995,10,gas,4.045,1995-10-01,-0.8660254037844386,0.5000000000000001,0.15151515151515152,2,3
1995,11,gas,4.038,1995-11-01,-0.5000000000000004,0.8660254037844384,0.15151515151515152,2,3
1995,12,gas,3.914,1995-12-01,-2.4492935982947064e-16,1.0,0.15151515151515152,2,3
1996,1,gas,4.334,1996-01-01,0.49999999999999994,0.8660254037844387,0.18181818181818182,2,3
1996,2,gas,3.889,1996-02-01,0.8660254037844386,0.5000000000000001,0.18181818181818182,2,3
1996,3,gas,3.78,1996-03-01,1.0,6.123233995736766e-17,0.18181818181818182,2,3
1996,4,gas,3.761,1996-04-01,0.8660254037844387,-0.4999999999999998,0.18181818181818182,2,3
1996,5,gas,3.348,1996-05-01,0.49999999999999994,-0.8660254037844387,0.18181818181818182,2,3
1996,6,gas,3.552,1996-06-01,1.2246467991473532e-16,-1.0,0.18181818181818182,2,3
1996,7,gas,3.612,1996-07-01,-0.4999999999999997,-0.8660254037844388,0.18181818181818182,2,3
1996,8,gas,3.503,1996-08-01,-0.8660254037844384,-0.5000000000000004,0.18181818181818182,2,3
1996,9,gas,4.235,1996-09-01,-1.0,-1.8369701987210297e-16,0.18181818181818182,2,3
1996,10,gas,4.237,1996-10-01,-0.8660254037844386,0.5000000000000001,0.18181818181818182,2,3
1996,11,gas,4.154,1996-11-01,-0.5000000000000004,0.8660254037844384,0.18181818181818182,2,3
1996,12,gas,4.383,1996-12-01,-2.4492935982947064e-16,1.0,0.18181818181818182,2,3
1997,1,gas,4.395,1997-01-01,0.49999999999999994,0.8660254037844387,0.21212121212121213,2,3
1997,2,gas,4.15,1997-02-01,0.8660254037844386,0.5000000000000001,0.21212121212121213,2,3
1997,3,gas,4.183,1997-03-01,1.0,6.123233995736766e-17,0.21212121212121213,2,3
1997,4,gas,3.566,1997-04-01,0.8660254037844387,-0.4999999999999998,0.21212121212121213,2,3
1997,5,gas,3.964,1997-05-01,0.49999999999999994,-0.8660254037844387,0.21212121212121213,2,3
1997,6,gas,4.059,1997-06-01,1.2246467991473532e-16,-1.0,0.21212121212121213,2,3
1997,7,gas,3.878,1997-07-01,-0.4999999999999997,-0.8660254037844388,0.21212121212121213,2,3
1997,8,gas,3.968,1997-08-01,-0.8660254037844384,-0.5000000000000004,0.21212121212121213,2,3
1997,9,gas,4.36,1997-09-01,-1.0,-1.8369701987210297e-16,0.21212121212121213,2,3
1997,10,gas,4.344,1997-10-01,-0.8660254037844386,0.5000000000000001,0.21212121212121213,2,3
1997,11,gas,4.724,1997-11-01,-0.5000000000000004,0.8660254037844384,0.21212121212121213,2,3
1997,12,gas,4.553,1997-12-01,-2.4492935982947064e-16,1.0,0.21212121212121213,2,3
1998,1,gas,5.192,1998-01-01,0.49999999999999994,0.8660254037844387,0.24242424242424243,2,3
1998,2,gas,4.791,1998-02-01,0.8660254037844386,0.5000000000000001,0.24242424242424243,2,3
1998,3,gas,4.765,1998-03-01,1.0,6.123233995736766e-17,0.24242424242424243,2,3
1998,4,gas,3.888,1998-04-01,0.8660254037844387,-0.4999999999999998,0.24242424242424243,2,3
1998,5,gas,4.136,1998-05-01,0.49999999999999994,-0.8660254037844387,0.24242424242424243,2,3
1998,6,gas,4.061,1998-06-01,1.2246467991473532e-16,-1.0,0.24242424242424243,2,3
1998,7,gas,4.253,1998-07-01,-0.4999999999999997,-0.8660254037844388,0.24242424242424243,2,3
1998,8,gas,4.335,1998-08-01,-0.8660254037844384,-0.5000000000000004,0.24242424242424243,2,3
1998,9,gas,4.251,1998-09-01,-1.0,-1.8369701987210297e-16,0.24242424242424243,2,3
1998,10,gas,4.39,1998-10-01,-0.8660254037844386,0.5000000000000001,0.24242424242424243,2,3
1998,11,gas,5.289,1998-11-01,-0.5000000000000004,0.8660254037844384,0.24242424242424243,2,3
1998,12,gas,5.033,1998-12-01,-2.4492935982947064e-16,1.0,0.24242424242424243,2,3
1999,1,gas,5.224,1999-01-01,0.49999999999999994,0.8660254037844387,0.2727272727272727,2,3
1999,2,gas,4.904,1999-02-01,0.8660254037844386,0.5000000000000001,0.2727272727272727,2,3
1999,3,gas,4.389,1999-03-01,1.0,6.123233995736766e-17,0.2727272727272727,2,3
1999,4,gas,4.807,1999-04-01,0.8660254037844387,-0.4999999999999998,0.2727272727272727,2,3
1999,5,gas,4.14,1999-05-01,0.49999999999999994,-0.8660254037844387,0.2727272727272727,2,3
1999,6,gas,3.889,1999-06-01,1.2246467991473532e-16,-1.0,0.2727272727272727,2,3
1999,7,gas,4.433,1999-07-01,-0.4999999999999997,-0.8660254037844388,0.2727272727272727,2,3
1999,8,gas,4.681,1999-08-01,-0.8660254037844384,-0.5000000000000004,0.2727272727272727,2,3
1999,9,gas,5.157,1999-09-01,-1.0,-1.8369701987210297e-16,0.2727272727272727,2,3
1999,10,gas,4.919,1999-10-01,-0.8660254037844386,0.5000000000000001,0.2727272727272727,2,3
1999,11,gas,5.269,1999-11-01,-0.5000000000000004,0.8660254037844384,0.2727272727272727,2,3
1999,12,gas,5.453,1999-12-01,-2.4492935982947064e-16,1.0,0.2727272727272727,2,3
2000,1,gas,5.696,2000-01-01,0.49999999999999994,0.8660254037844387,0.30303030303030304,2,3
2000,2,gas,4.471,2000-02-01,0.8660254037844386,0.5000000000000001,0.30303030303030304,2,3
2000,3,gas,4.265,2000-03-01,1.0,6.123233995736766e-17,0.30303030303030304,2,3
2000,4,gas,4.639,2000-04-01,0.8660254037844387,-0.4999999999999998,0.30303030303030304,2,3
2000,5,gas,4.478,2000-05-01,0.49999999999999994,-0.8660254037844387,0.30303030303030304,2,3
2000,6,gas,4.474,2000-06-01,1.2246467991473532e-16,-1.0,0.30303030303030304,2,3
2000,7,gas,4.223,2000-07-01,-0.4999999999999997,-0.8660254037844388,0.30303030303030304,2,3
2000,8,gas,4.955,2000-08-01,-0.8660254037844384,-0.5000000000000004,0.30303030303030304,2,3
2000,9,gas,5.143,2000-09-01,-1.0,-1.8369701987210297e-16,0.30303030303030304,2,3
2000,10,gas,5.393,2000-10-01,-0.8660254037844386,0.5000000000000001,0.30303030303030304,2,3
2000,11,gas,5.536,2000-11-01,-0.5000000000000004,0.8660254037844384,0.30303030303030304,2,3
2000,12,gas,5.738,2000-12-01,-2.4492935982947064e-16,1.0,0.30303030303030304,2,3
2001,1,gas,6.118,2001-01-01,0.49999999999999994,0.8660254037844387,0.3333333333333333,2,3
2001,2,gas,5.314,2001-02-01,0.8660254037844386,0.5000000000000001,0.3333333333333333,2,3
2001,3,gas,5.385,2001-03-01,1.0,6.123233995736766e-17,0.3333333333333333,2,3
2001,4,gas,4.836,2001-04-01,0.8660254037844387,-0.4999999999999998,0.3333333333333333,2,3
2001,5,gas,5.141,2001-05-01,0.49999999999999994,-0.8660254037844387,0.3333333333333333,2,3
2001,6,gas,4.26,2001-06-01,1.2246467991473532e-16,-1.0,0.3333333333333333,2,3
2001,7,gas,4.653,2001-07-01,-0.4999999999999997,-0.8660254037844388,0.3333333333333333,2,3
2001,8,gas,5.083,2001-08-01,-0.8660254037844384,-0.5000000000000004,0.3333333333333333,2,3
2001,9,gas,5.161,2001-09-01,-1.0,-1.8369701987210297e-16,0.3333333333333333,2,3
2001,10,gas,5.108,2001-10-01,-0.8660254037844386,0.5000000000000001,0.3333333333333333,2,3
2001,11,gas,6.121,2001-11-01,-0.5000000000000004,0.8660254037844384,0.3333333333333333,2,3
2001,12,gas,5.965,2001-12-01,-2.4492935982947064e-16,1.0,0.3333333333333333,2,3
2002,1,gas,5.688,2002-01-01,0.49999999999999994,0.8660254037844387,0.36363636363636365,2,3
2002,2,gas,5.683,2002-02-01,0.8660254037844386,0.5000000000000001,0.36363636363636365,2,3
2002,3,gas,5.168,2002-03-01,1.0,6.123233995736766e-17,0.36363636363636365,2,3
2002,4,gas,4.583,2002-04-01,0.8660254037844387,-0.4999999999999998,0.36363636363636365,2,3
2002,5,gas,4.852,2002-05-01,0.49999999999999994,-0.8660254037844387,0.36363636363636365,2,3
2002,6,gas,4.833,2002-06-01,1.2246467991473532e-16,-1.0,0.36363636363636365,2,3
2002,7,gas,4.548,2002-07-01,-0.4999999999999997,-0.8660254037844388,0.36363636363636365,2,3
2002,8,gas,4.584,2002-08-01,-0.8660254037844384,-0.5000000000000004,0.36363636363636365,2,3
2002,9,gas,5.662,2002-09-01,-1.0,-1.8369701987210297e-16,0.36363636363636365,2,3
2002,10,gas,5.736,2002-10-01,-0.8660254037844386,0.5000000000000001,0.36363636363636365,2,3
2002,11,gas,6.13,2002-11-01,-0.5000000000000004,0.8660254037844384,0.36363636363636365,2,3
2002,12,gas,6.736,2002-12-01,-2.4492935982947064e-16,1.0,0.36363636363636365,2,3
2003,1,gas,5.885,2003-01-01,0.49999999999999994,0.8660254037844387,0.3939393939393939,2,3
2003,2,gas,4.709,2003-02-01,0.8660254037844386,0.5000000000000001,0.3939393939393939,2,3
2003,3,gas,5.38,2003-03-01,1.0,6.123233995736766e-17,0.3939393939393939,2,3
2003,4,gas,4.955,2003-04-01,0.8660254037844387,-0.4999999999999998,0.3939393939393939,2,3
2003,5,gas,4.544,2003-05-01,0.49999999999999994,-0.8660254037844387,0.3939393939393939,2,3
2003,6,gas,4.854,2003-06-01,1.2246467991473532e-16,-1.0,0.3939393939393939,2,3
2003,7,gas,5.387,2003-07-01,-0.4999999999999997,-0.8660254037844388,0.3939393939393939,2,3
2003,8,gas,5.171,2003-08-01,-0.8660254037844384,-0.5000000000000004,0.3939393939393939,2,3
2003,9,gas,5.331,2003-09-01,-1.0,-1.8369701987210297e-16,0.3939393939393939,2,3
2003,10,gas,6.134,2003-10-01,-0.8660254037844386,0.5000000000000001,0.3939393939393939,2,3
2003,11,gas,6.502,2003-11-01,-0.5000000000000004,0.8660254037844384,0.3939393939393939,2,3
2003,12,gas,6.545,2003-12-01,-2.4492935982947064e-16,1.0,0.3939393939393939,2,3
2004,1,gas,5.848,2004-01-01,0.49999999999999994,0.8660254037844387,0.42424242424242425,2,3
2004,2,gas,5.573,2004-02-01,0.8660254037844386,0.5000000000000001,0.42424242424242425,2,3
2004,3,gas,5.469,2004-03-01,1.0,6.123233995736766e-17,0.42424242424242425,2,3
2004,4,gas,4.946,2004-04-01,0.8660254037844387,-0.4999999999999998,0.42424242424242425,2,3
2004,5,gas,5.401,2004-05-01,0.49999999999999994,-0.8660254037844387,0.42424242424242425,2,3
2004,6,gas,5.514,2004-06-01,1.2246467991473532e-16,-1.0,0.42424242424242425,2,3
2004,7,gas,5.939,2004-07-01,-0.4999999999999997,-0.8660254037844388,0.42424242424242425,2,3
2004,8,gas,5.373,2004-08-01,-0.8660254037844384,-0.5000000000000004,0.42424242424242425,2,3
2004,9,gas,5.738,2004-09-01,-1.0,-1.8369701987210297e-16,0.42424242424242425,2,3
2004,10,gas,7.05,2004-10-01,-0.8660254037844386,0.5000000000000001,0.42424242424242425,2,3
2004,11,gas,6.672,2004-11-01,-0.5000000000000004,0.8660254037844384,0.42424242424242425,2,3
2004,12,gas,6.34,2004-12-01,-2.4492935982947064e-16,1.0,0.42424242424242425,2,3
2005,1,gas,6.474,2005-01-01,0.49999999999999994,0.8660254037844387,0.45454545454545453,2,3
2005,2,gas,5.72,2005-02-01,0.8660254037844386,0.5000000000000001,0.45454545454545453,2,3
2005,3,gas,5.272,2005-03-01,1.0,6.123233995736766e-17,0.45454545454545453,2,3
2005,4,gas,5.897,2005-04-01,0.8660254037844387,-0.4999999999999998,0.45454545454545453,2,3
2005,5,gas,4.927,2005-05-01,0.49999999999999994,-0.8660254037844387,0.45454545454545453,2,3
2005,6,gas,5.422,2005-06-01,1.2246467991473532e-16,-1.0,0.45454545454545453,2,3
2005,7,gas,5.907,2005-07-01,-0.4999999999999997,-0.8660254037844388,0.45454545454545453,2,3
2005,8,gas,5.689,2005-08-01,-0.8660254037844384,-0.5000000000000004,0.45454545454545453,2,3
2005,9,gas,6.044,2005-09-01,-1.0,-1.8369701987210297e-16,0.45454545454545453,2,3
2005,10,gas,6.497,2005-10-01,-0.8660254037844386,0.5000000000000001,0.45454545454545453,2,3
2005,11,gas,6.269,2005-11-01,-0.5000000000000004,0.8660254037844384,0.45454545454545453,2,3
2005,12,gas,6.756,2005-12-01,-2.4492935982947064e-16,1.0,0.45454545454545453,2,3
2006,1,gas,7.048,2006-01-01,0.49999999999999994,0.8660254037844387,0.48484848484848486,2,3
2006,2,gas,6.327,2006-02-01,0.8660254037844386,0.5000000000000001,0.48484848484848486,2,3
2006,3,gas,5.912,2006-03-01,1.0,6.123233995736766e-17,0.48484848484848486,2,3
2006,4,gas,6.15,2006-04-01,0.8660254037844387,-0.4999999999999998,0.48484848484848486,2,3
2006,5,gas,5.099,2006-05-01,0.49999999999999994,-0.8660254037844387,0.48484848484848486,2,3
2006,6,gas,5.256,2006-06-01,1.2246467991473532e-16,-1.0,0.48484848484848486,2,3
2006,7,gas,5.362,2006-07-01,-0.4999999999999997,-0.8660254037844388,0.48484848484848486,2,3
2006,8,gas,6.26,2006-08-01,-0.8660254037844384,-0.5000000000000004,0.48484848484848486,2,3
2006,9,gas,6.626,2006-09-01,-1.0,-1.8369701987210297e-16,0.48484848484848486,2,3
2006,10,gas,7.023,2006-10-01,-0.8660254037844386,0.5000000000000001,0.48484848484848486,2,3
2006,11,gas,7.272,2006-11-01,-0.5000000000000004,0.8660254037844384,0.48484848484848486,2,3
2006,12,gas,7.603,2006-12-01,-2.4492935982947064e-16,1.0,0.48484848484848486,2,3
2007,1,gas,7.343,2007-01-01,0.49999999999999994,0.8660254037844387,0.5151515151515151,2,3
2007,2,gas,6.665,2007-02-01,0.8660254037844386,0.5000000000000001,0.5151515151515151,2,3
2007,3,gas,6.698,2007-03-01,1.0,6.123233995736766e-17,0.5151515151515151,2,3
2007,4,gas,5.68,2007-04-01,0.8660254037844387,-0.4999999999999998,0.5151515151515151,2,3
2007,5,gas,5.81,2007-05-01,0.49999999999999994,-0.8660254037844387,0.5151515151515151,2,3
2007,6,gas,5.458,2007-06-01,1.2246467991473532e-16,-1.0,0.5151515151515151,2,3
2007,7,gas,5.557,2007-07-01,-0.4999999999999997,-0.8660254037844388,0.5151515151515151,2,3
2007,8,gas,5.906,2007-08-01,-0.8660254037844384,-0.5000000000000004,0.5151515151515151,2,3
2007,9,gas,6.854,2007-09-01,-1.0,-1.8369701987210297e-16,0.5151515151515151,2,3
2007,10,gas,7.154,2007-10-01,-0.8660254037844386,0.5000000000000001,0.5151515151515151,2,3
2007,11,gas,7.697,2007-11-01,-0.5000000000000004,0.8660254037844384,0.5151515151515151,2,3
2007,12,gas,7.185,2007-12-01,-2.4492935982947064e-16,1.0,0.5151515151515151,2,3
2008,1,gas,8.706,2008-01-01,0.49999999999999994,0.8660254037844387,0.5454545454545454,2,3
2008,2,gas,7.675,2008-02-01,0.8660254037844386,0.5000000000000001,0.5454545454545454,2,3
2008,3,gas,6.97,2008-03-01,1.0,6.123233995736766e-17,0.5454545454545454,2,3
2008,4,gas,6.878,2008-04-01,0.8660254037844387,-0.4999999999999998,0.5454545454545454,2,3
2008,5,gas,6.924,2008-05-01,0.49999999999999994,-0.8660254037844387,0.5454545454545454,2,3
2008,6,gas,6.136,2008-06-01,1.2246467991473532e-16,-1.0,0.5454545454545454,2,3
2008,7,gas,6.72,2008-07-01,-0.4999999999999997,-0.8660254037844388,0.5454545454545454,2,3
2008,8,gas,7.578,2008-08-01,-0.8660254037844384,-0.5000000000000004,0.5454545454545454,2,3
2008,9,gas,7.498,2008-09-01,-1.0,-1.8369701987210297e-16,0.5454545454545454,2,3
2008,10,gas,8.323,2008-10-01,-0.8660254037844386,0.5000000000000001,0.5454545454545454,2,3
2008,11,gas,8.332,2008-11-01,-0.5000000000000004,0.8660254037844384,0.5454545454545454,2,3
2008,12,gas,8.566,2008-12-01,-2.4492935982947064e-16,1.0,0.5454545454545454,2,3
2009,1,gas,7.852,2009-01-01,0.49999999999999994,0.8660254037844387,0.5757575757575758,2,3
2009,2,gas,7.889,2009-02-01,0.8660254037844386,0.5000000000000001,0.5757575757575758,2,3
2009,3,gas,7.463,2009-03-01,1.0,6.123233995736766e-17,0.5757575757575758,2,3
2009,4,gas,7.386,2009-04-01,0.8660254037844387,-0.4999999999999998,0.5757575757575758,2,3
2009,5,gas,7.249,2009-05-01,0.49999999999999994,-0.8660254037844387,0.5757575757575758,2,3
2009,6,gas,7.065,2009-06-01,1.2246467991473532e-16,-1.0,0.5757575757575758,2,3
2009,7,gas,7.382,2009-07-01,-0.4999999999999997,-0.8660254037844388,0.5757575757575758,2,3
2009,8,gas,8.152,2009-08-01,-0.8660254037844384,-0.5000000000000004,0.5757575757575758,2,3
2009,9,gas,8.641,2009-09-01,-1.0,-1.8369701987210297e-16,0.5757575757575758,2,3
2009,10,gas,8.442,2009-10-01,-0.8660254037844386,0.5000000000000001,0.5757575757575758,2,3
2009,11,gas,9.579,2009-11-01,-0.5000000000000004,0.8660254037844384,0.5757575757575758,2,3
2009,12,gas,8.202,2009-12-01,-2.4492935982947064e-16,1.0,0.5757575757575758,2,3
2010,1,gas,9.149,2010-01-01,0.49999999999999994,0.8660254037844387,0.6060606060606061,2,3
2010,2,gas,8.227,2010-02-01,0.8660254037844386,0.5000000000000001,0.6060606060606061,2,3
2010,3,gas,7.699,2010-03-01,1.0,6.123233995736766e-17,0.6060606060606061,2,3
2010,4,gas,7.848,2010-04-01,0.8660254037844387,-0.4999999999999998,0.6060606060606061,2,3
2010,5,gas,8.039,2010-05-01,0.49999999999999994,-0.8660254037844387,0.6060606060606061,2,3
2010,6,gas,6.797,2010-06-01,1.2246467991473532e-16,-1.0,0.6060606060606061,2,3
2010,7,gas,7.653,2010-07-01,-0.4999999999999997,-0.8660254037844388,0.6060606060606061,2,3
2010,8,gas,7.116,2010-08-01,-0.8660254037844384,-0.5000000000000004,0.6060606060606061,2,3
2010,9,gas,8.607,2010-09-01,-1.0,-1.8369701987210297e-16,0.6060606060606061,2,3
2010,10,gas,9.816,2010-10-01,-0.8660254037844386,0.5000000000000001,0.6060606060606061,2,3
2010,11,gas,10.295,2010-11-01,-0.5000000000000004,0.8660254037844384,0.6060606060606061,2,3
2010,12,gas,10.498,2010-12-01,-2.4492935982947064e-16,1.0,0.6060606060606061,2,3
2011,1,gas,9.684,2011-01-01,0.49999999999999994,0.8660254037844387,0.6363636363636364,2,3
2011,2,gas,9.002,2011-02-01,0.8660254037844386,0.5000000000000001,0.6363636363636364,2,3
2011,3,gas,7.795,2011-03-01,1.0,6.123233995736766e-17,0.6363636363636364,2,3
2011,4,gas,8.675,2011-04-01,0.8660254037844387,-0.4999999999999998,0.6363636363636364,2,3
2011,5,gas,8.444,2011-05-01,0.49999999999999994,-0.8660254037844387,0.6363636363636364,2,3
2011,6,gas,7.13,2011-06-01,1.2246467991473532e-16,-1.0,0.6363636363636364,2,3
2011,7,gas,9.785,2011-07-01,-0.4999999999999997,-0.8660254037844388,0.6363636363636364,2,3
2011,8,gas,8.58,2011-08-01,-0.8660254037844384,-0.5000000000000004,0.6363636363636364,2,3
2011,9,gas,8.388,2011-09-01,-1.0,-1.8369701987210297e-16,0.6363636363636364,2,3
2011,10,gas,8.714,2011-10-01,-0.8660254037844386,0.5000000000000001,0.6363636363636364,2,3
2011,11,gas,9.383,2011-11-01,-0.5000000000000004,0.8660254037844384,0.6363636363636364,2,3
2011,12,gas,11.031,2011-12-01,-2.4492935982947064e-16,1.0,0.6363636363636364,2,3
2012,1,gas,9.568,2012-01-01,0.49999999999999994,0.8660254037844387,0.6666666666666666,2,3
2012,2,gas,9.884,2012-02-01,0.8660254037844386,0.5000000000000001,0.6666666666666666,2,3
2012,3,gas,9.701,2012-03-01,1.0,6.123233995736766e-17,0.6666666666666666,2,3
2012,4,gas,9.234,2012-04-01,0.8660254037844387,-0.4999999999999998,0.6666666666666666,2,3
2012,5,gas,8.162,2012-05-01,0.49999999999999994,-0.8660254037844387,0.6666666666666666,2,3
2012,6,gas,7.803,2012-06-01,1.2246467991473532e-16,-1.0,0.6666666666666666,2,3
2012,7,gas,8.374,2012-07-01,-0.4999999999999997,-0.8660254037844388,0.6666666666666666,2,3
2012,8,gas,9.382,2012-08-01,-0.8660254037844384,-0.5000000000000004,0.6666666666666666,2,3
2012,9,gas,11.086,2012-09-01,-1.0,-1.8369701987210297e-16,0.6666666666666666,2,3
2012,10,gas,10.082,2012-10-01,-0.8660254037844386,0.5000000000000001,0.6666666666666666,2,3
2012,11,gas,10.345,2012-11-01,-0.5000000000000004,0.8660254037844384,0.6666666666666666,2,3
2012,12,gas,10.488,2012-12-01,-2.4492935982947064e-16,1.0,0.6666666666666666,2,3
2013,1,gas,10.747,2013-01-01,0.49999999999999994,0.8660254037844387,0.696969696969697,2,3
2013,2,gas,9.882,2013-02-01,0.8660254037844386,0.5000000000000001,0.696969696969697,2,3
2013,3,gas,8.945,2013-03-01,1.0,6.123233995736766e-17,0.696969696969697,2,3
2013,4,gas,10.04,2013-04-01,0.8660254037844387,-0.4999999999999998,0.696969696969697,2,3
2013,5,gas,8.723,2013-05-01,0.49999999999999994,-0.8660254037844387,0.696969696969697,2,3
2013,6,gas,9.549,2013-06-01,1.2246467991473532e-16,-1.0,0.696969696969697,2,3
2013,7,gas,8.973,2013-07-01,-0.4999999999999997,-0.8660254037844388,0.696969696969697,2,3
2013,8,gas,9.764,2013-08-01,-0.8660254037844384,-0.5000000000000004,0.696969696969697,2,3
2013,9,gas,9.334,2013-09-01,-1.0,-1.8369701987210297e-16,0.696969696969697,2,3
2013,10,gas,10.547,2013-10-01,-0.8660254037844386,0.5000000000000001,0.696969696969697,2,3
2013,11,gas,10.934,2013-11-01,-0.5000000000000004,0.8660254037844384,0.696969696969697,2,3
2013,12,gas,12.314,2013-12-01,-2.4492935982947064e-16,1.0,0.696969696969697,2,3
2014,1,gas,10.665,2014-01-01,0.49999999999999994,0.8660254037844387,0.7272727272727273,2,3
2014,2,gas,10.191,2014-02-01,0.8660254037844386,0.5000000000000001,0.7272727272727273,2,3
2014,3,gas,8.95,2014-03-01,1.0,6.123233995736766e-17,0.7272727272727273,2,3
2014,4,gas,10.107,2014-04-01,0.8660254037844387,-0.4999999999999998,0.7272727272727273,2,3
2014,5,gas,9.85,2014-05-01,0.49999999999999994,-0.8660254037844387,0.7272727272727273,2,3
2014,6,gas,8.307,2014-06-01,1.2246467991473532e-16,-1.0,0.7272727272727273,2,3
2014,7,gas,8.866,2014-07-01,-0.4999999999999997,-0.8660254037844388,0.7272727272727273,2,3
2014,8,gas,9.037,2014-08-01,-0.8660254037844384,-0.5000000000000004,0.7272727272727273,2,3
2014,9,gas,9.542,2014-09-01,-1.0,-1.8369701987210297e-16,0.7272727272727273,2,3
2014,10,gas,11.498,2014-10-01,-0.8660254037844386,0.5000000000000001,0.7272727272727273,2,3
2014,11,gas,10.805,2014-11-01,-0.5000000000000004,0.8660254037844384,0.7272727272727273,2,3
2014,12,gas,10.945,2014-12-01,-2.4492935982947064e-16,1.0,0.7272727272727273,2,3
2015,1,gas,10.526,2015-01-01,0.49999999999999994,0.8660254037844387,0.7575757575757576,2,3
2015,2,gas,10.316,2015-02-01,0.8660254037844386,0.5000000000000001,0.7575757575757576,2,3
2015,3,gas,8.864,2015-03-01,1.0,6.123233995736766e-17,0.7575757575757576,2,3
2015,4,gas,10.043,2015-04-01,0.8660254037844387,-0.4999999999999998,0.7575757575757576,2,3
2015,5,gas,8.813,2015-05-01,0.49999999999999994,-0.8660254037844387,0.7575757575757576,2,3
2015,6,gas,8.8,2015-06-01,1.2246467991473532e-16,-1.0,0.7575757575757576,2,3
2015,7,gas,9.454,2015-07-01,-0.4999999999999997,-0.8660254037844388,0.7575757575757576,2,3
2015,8,gas,10.217,2015-08-01,-0.8660254037844384,-0.5000000000000004,0.7575757575757576,2,3
2015,9,gas,11.085,2015-09-01,-1.0,-1.8369701987210297e-16,0.7575757575757576,2,3
2015,10,gas,11.795,2015-10-01,-0.8660254037844386,0.5000000000000001,0.7575757575757576,2,3
2015,11,gas,12.464,2015-11-01,-0.5000000000000004,0.8660254037844384,0.7575757575757576,2,3
2015,12,gas,11.931,2015-12-01,-2.4492935982947064e-16,1.0,0.7575757575757576,2,3
2016,1,gas,10.976,2016-01-01,0.49999999999999994,0.8660254037844387,0.7878787878787878,2,3
2016,2,gas,11.519,2016-02-01,0.8660254037844386,0.5000000000000001,0.7878787878787878,2,3
2016,3,gas,11.259,2016-03-01,1.0,6.123233995736766e-17,0.7878787878787878,2,3
2016,4,gas,10.193,2016-04-01,0.8660254037844387,-0.4999999999999998,0.7878787878787878,2,3
2016,5,gas,9.778,2016-05-01,0.49999999999999994,-0.8660254037844387,0.7878787878787878,2,3
2016,6,gas,10.231,2016-06-01,1.2246467991473532e-16,-1.0,0.7878787878787878,2,3
2016,7,gas,8.81,2016-07-01,-0.4999999999999997,-0.8660254037844388,0.7878787878787878,2,3
2016,8,gas,9.616,2016-08-01,-0.8660254037844384,-0.5000000000000004,0.7878787878787878,2,3
2016,9,gas,10.753,2016-09-01,-1.0,-1.8369701987210297e-16,0.7878787878787878,2,3
2016,10,gas,11.28,2016-10-01,-0.8660254037844386,0.5000000000000001,0.7878787878787878,2,3
2016,11,gas,11.836,2016-11-01,-0.5000000000000004,0.8660254037844384,0.7878787878787878,2,3
2016,12,gas,11.102,2016-12-01,-2.4492935982947064e-16,1.0,0.7878787878787878,2,3
2017,1,gas,12.158,2017-01-01,0.49999999999999994,0.8660254037844387,0.8181818181818182,2,3
2017,2,gas,10.248,2017-02-01,0.8660254037844386,0.5000000000000001,0.8181818181818182,2,3
2017,3,gas,11.056,2017-03-01,1.0,6.123233995736766e-17,0.8181818181818182,2,3
2017,4,gas,9.663,2017-04-01,0.8660254037844387,-0.4999999999999998,0.8181818181818182,2,3
2017,5,gas,10.279,2017-05-01,0.49999999999999994,-0.8660254037844387,0.8181818181818182,2,3
2017,6,gas,9.383,2017-06-01,1.2246467991473532e-16,-1.0,0.8181818181818182,2,3
2017,7,gas,10.12,2017-07-01,-0.4999999999999997,-0.8660254037844388,0.8181818181818182,2,3
2017,8,gas,11.486,2017-08-01,-0.8660254037844384,-0.5000000000000004,0.8181818181818182,2,3
2017,9,gas,10.93,2017-09-01,-1.0,-1.8369701987210297e-16,0.8181818181818182,2,3
2017,10,gas,10.679,2017-10-01,-0.8660254037844386,0.5000000000000001,0.8181818181818182,2,3
2017,11,gas,13.109,2017-11-01,-0.5000000000000004,0.8660254037844384,0.8181818181818182,2,3
2017,12,gas,12.717,2017-12-01,-2.4492935982947064e-16,1.0,0.8181818181818182,2,3
2018,1,gas,11.751,2018-01-01,0.49999999999999994,0.8660254037844387,0.8484848484848485,2,3
2018,2,gas,11.898,2018-02-01,0.8660254037844386,0.5000000000000001,0.8484848484848485,2,3
2018,3,gas,12.0,2018-03-01,1.0,6.123233995736766e-17,0.8484848484848485,2,3
2018,4,gas,9.759,2018-04-01,0.8660254037844387,-0.4999999999999998,0.8484848484848485,2,3
2018,5,gas,10.443,2018-05-01,0.49999999999999994,-0.8660254037844387,0.8484848484848485,2,3
2018,6,gas,9.968,2018-06-01,1.2246467991473532e-16,-1.0,0.8484848484848485,2,3
2018,7,gas,9.799,2018-07-01,-0.4999999999999997,-0.8660254037844388,0.8484848484848485,2,3
2018,8,gas,10.449,2018-08-01,-0.8660254037844384,-0.5000000000000004,0.8484848484848485,2,3
2018,9,gas,11.528,2018-09-01,-1.0,-1.8369701987210297e-16,0.8484848484848485,2,3
2018,10,gas,12.33,2018-10-01,-0.8660254037844386,0.5000000000000001,0.8484848484848485,2,3
2018,11,gas,11.943,2018-11-01,-0.5000000000000004,0.8660254037844384,0.8484848484848485,2,3
2018,12,gas,13.375,2018-12-01,-2.4492935982947064e-16,1.0,0.8484848484848485,2,3
2019,1,gas,12.582,2019-01-01,0.49999999999999994,0.8660254037844387,0.8787878787878788,2,3
2019,2,gas,10.823,2019-02-01,0.8660254037844386,0.5000000000000001,0.8787878787878788,2,3
2019,3,gas,11.053,2019-03-01,1.0,6.123233995736766e-17,0.8787878787878788,2,3
2019,4,gas,11.911,2019-04-01,0.8660254037844387,-0.4999999999999998,0.8787878787878788,2,3
2019,5,gas,10.477,2019-05-01,0.49999999999999994,-0.8660254037844387,0.8787878787878788,2,3
2019,6,gas,9.847,2019-06-01,1.2246467991473532e-16,-1.0,0.8787878787878788,2,3
2019,7,gas,10.498,2019-07-01,-0.4999999999999997,-0.8660254037844388,0.8787878787878788,2,3
2019,8,gas,12.179,2019-08-01,-0.8660254037844384,-0.5000000000000004,0.8787878787878788,2,3
2019,9,gas,11.575,2019-09-01,-1.0,-1.8369701987210297e-16,0.8787878787878788,2,3
2019,10,gas,13.158,2019-10-01,-0.8660254037844386,0.5000000000000001,0.8787878787878788,2,3
2019,11,gas,12.57,2019-11-01,-0.5000000000000004,0.8660254037844384,0.8787878787878788,2,3
2019,12,gas,13.688,2019-12-01,-2.4492935982947064e-16,1.0,0.8787878787878788,2,3
2020,1,gas,12.658,2020-01-01,0.49999999999999994,0.8660254037844387,0.9090909090909091,2,3
2020,2,gas,10.295,2020-02-01,0.8660254037844386,0.5000000000000001,0.9090909090909091,2,3
2020,3,gas,11.958,2020-03-01,1.0,6.123233995736766e-17,0.9090909090909091,2,3
2020,4,gas,9.853,2020-04-01,0.8660254037844387,-0.4999999999999998,0.9090909090909091,2,3
2020,5,gas,10.399,2020-05-01,0.49999999999999994,-0.8660254037844387,0.9090909090909091,2,3
2020,6,gas,9.746,2020-06-01,1.2246467991473532e-16,-1.0,0.9090909090909091,2,3
2020,7,gas,10.319,2020-07-01,-0.4999999999999997,-0.8660254037844388,0.9090909090909091,2,3
2020,8,gas,9.097,2020-08-01,-0.8660254037844384,-0.5000000000000004,0.9090909090909091,2,3
2020,9,gas,11.125,2020-09-01,-1.0,-1.8369701987210297e-16,0.9090909090909091,2,3
2020,10,gas,12.419,2020-10-01,-0.8660254037844386,0.5000000000000001,0.9090909090909091,2,3
2020,11,gas,12.477,2020-11-01,-0.5000000000000004,0.8660254037844384,0.9090909090909091,2,3
2020,12,gas,13.145,2020-12-01,-2.4492935982947064e-16,1.0,0.9090909090909091,2,3
2021,1,gas,12.867,2021-01-01,0.49999999999999994,0.8660254037844387,0.9393939393939394,2,3
2021,2,gas,10.471,2021-02-01,0.8660254037844386,0.5000000000000001,0.9393939393939394,2,3
2021,3,gas,11.727,2021-03-01,1.0,6.123233995736766e-17,0.9393939393939394,2,3
2021,4,gas,10.439,2021-04-01,0.8660254037844387,-0.4999999999999998,0.9393939393939394,2,3
2021,5,gas,10.526,2021-05-01,0.49999999999999994,-0.8660254037844387,0.9393939393939394,2,3
2021,6,gas,10.061,2021-06-01,1.2246467991473532e-16,-1.0,0.9393939393939394,2,3
2021,7,gas,10.259,2021-07-01,-0.4999999999999997,-0.8660254037844388,0.9393939393939394,2,3
2021,8,gas,10.42,2021-08-01,-0.8660254037844384,-0.5000000000000004,0.9393939393939394,2,3
2021,9,gas,11.122,2021-09-01,-1.0,-1.8369701987210297e-16,0.9393939393939394,2,3
2021,10,gas,11.221,2021-10-01,-0.8660254037844386,0.5000000000000001,0.9393939393939394,2,3
2021,11,gas,12.472,2021-11-01,-0.5000000000000004,0.8660254037844384,0.9393939393939394,2,3
2021,12,gas,12.985,2021-12-01,-2.4492935982947064e-16,1.0,0.9393939393939394,2,3
2022,1,gas,12.243,2022-01-01,0.49999999999999994,0.8660254037844387,0.9696969696969697,2,3
2022,2,gas,13.052,2022-02-01,0.8660254037844386,0.5000000000000001,0.9696969696969697,2,3
2022,3,gas,10.844,2022-03-01,1.0,6.123233995736766e-17,0.9696969696969697,2,3
2022,4,gas,10.349,2022-04-01,0.8660254037844387,-0.4999999999999998,0.9696969696969697,2,3
2022,5,gas,9.17,2022-05-01,0.49999999999999994,-0.8660254037844387,0.9696969696969697,2,3
2022,6,gas,10.615,2022-06-01,1.2246467991473532e-16,-1.0,0.9696969696969697,2,3
2022,7,gas,9.952,2022-07-01,-0.4999999999999997,-0.8660254037844388,0.9696969696969697,2,3
2022,8,gas,12.542,2022-08-01,-0.8660254037844384,-0.5000000000000004,0.9696969696969697,2,3
2022,9,gas,12.766,2022-09-01,-1.0,-1.8369701987210297e-16,0.9696969696969697,2,3
2022,10,gas,14.267,2022-10-01,-0.8660254037844386,0.5000000000000001,0.9696969696969697,2,3
2022,11,gas,12.337,2022-11-01,-0.5000000000000004,0.8660254037844384,0.9696969696969697,2,3
2022,12,gas,15.21,2022-12-01,-2.4492935982947064e-16,1.0,0.9696969696969697,2,3
2023,1,gas,14.202,2023-01-01,0.49999999999999994,0.8660254037844387,1.0,2,3
2023,2,gas,11.775,2023-02-01,0.8660254037844386,0.5000000000000001,1.0,2,3
2023,3,gas,12.143,2023-03-01,1.0,6.123233995736766e-17,1.0,2,3
2023,4,gas,11.948,2023-04-01,0.8660254037844387,-0.4999999999999998,1.0,2,3
2023,5,gas,12.503,2023-05-01,0.49999999999999994,-0.8660254037844387,1.0,2,3
2023,6,gas,12.659,2023-06-01,1.2246467991473532e-16,-1.0,1.0,2,3
2023,7,gas,11.515,2023-07-01,-0.4999999999999997,-0.8660254037844388,1.0,2,3
2023,8,gas,10.982,2023-08-01,-0.8660254037844384,-0.5000000000000004,1.0,2,3
2023,9,gas,11.965,2023-09-01,-1.0,-1.8369701987210297e-16,1.0,2,3
2023,10,gas,14.853,2023-10-01,-0.8660254037844386,0.5000000000000001,1.0,2,3
2023,11,gas,13.931,2023-11-01,-0.5000000000000004,0.8660254037844384,1.0,2,3
2023,12,gas,15.089,2023-12-01,-2.4492935982947064e-16,1.0,1.0,2,3
1990,1,oil,11.855,1990-01-01,0.49999999999999994,0.8660254037844387,0.0,0,4
1990,2,oil,11.963,1990-02-01,0.8660254037844386,0.5000000000000001,0.0,0,4
1990,3,oil,12.498,1990-03-01,1.0,6.123233995736766e-17,0.0,0,4
1990,4,oil,11.886,1990-04-01,0.8660254037844387,-0.4999999999999998,0.0,0,4
1990,5,oil,11.206,1990-05-01,0.49999999999999994,-0.8660254037844387,0.0,0,4
1990,6,oil,12.07,1990-06-01,1.2246467991473532e-16,-1.0,0.0,0,4
1990,7,oil,11.586,1990-07-01,-0.4999999999999997,-0.8660254037844388,0.0,0,4
1990,8,oil,13.268,1990-08-01,-0.8660254037844384,-0.5000000000000004,0.0,0,4
1990,9,oil,11.736,1990-09-01,-1.0,-1.8369701987210297e-16,0.0,0,4
1990,10,oil,11.912,1990-10-01,-0.8660254037844386,0.5000000000000001,0.0,0,4
1990,11,oil,12.481,1990-11-01,-0.5000000000000004,0.8660254037844384,0.0,0,4
1990,12,oil,12.1,1990-12-01,-2.4492935982947064e-16,1.0,0.0,0,4
1991,1,oil,12.056,1991-01-01,0.49999999999999994,0.8660254037844387,0.030303030303030304,0,4
1991,2,oil,11.682,1991-02-01,0.8660254037844386,0.5000000000000001,0.030303030303030304,0,4
1991,3,oil,13.931,1991-03-01,1.0,6.123233995736766e-17,0.030303030303030304,0,4
1991,4,oil,11.73,1991-04-01,0.8660254037844387,-0.4999999999999998,0.030303030303030304,0,4
1991,5,oil,12.739,1991-05-01,0.49999999999999994,-0.8660254037844387,0.030303030303030304,0,4
1991,6,oil,10.603,1991-06-01,1.2246467991473532e-16,-1.0,0.030303030303030304,0,4
1991,7,oil,13.314,1991-07-01,-0.4999999999999997,-0.8660254037844388,0.030303030303030304,0,4
1991,8,oil,11.425,1991-08-01,-0.8660254037844384,-0.5000000000000004,0.030303030303030304,0,4
1991,9,oil,11.883,1991-09-01,-1.0,-1.8369701987210297e-16,0.030303030303030304,0,4
1991,10,oil,11.97,1991-10-01,-0.8660254037844386,0.5000000000000001,0.030303030303030304,0,4
1991,11,oil,13.805,1991-11-01,-0.5000000000000004,0.8660254037844384,0.030303030303030304,0,4
1991,12,oil,12.84,1991-12-01,-2.4492935982947064e-16,1.0,0.030303030303030304,0,4
1992,1,oil,12.916,1992-01-01,0.49999999999999994,0.8660254037844387,0.06060606060606061,0,4
1992,2,oil,12.966,1992-02-01,0.8660254037844386,0.5000000000000001,0.06060606060606061,0,4
1992,3,oil,14.153,1992-03-01,1.0,6.123233995736766e-17,0.06060606060606061,0,4
1992,4,oil,13.052,1992-04-01,0.8660254037844387,-0.4999999999999998,0.06060606060606061,0,4
1992,5,oil,13.922,1992-05-01,0.49999999999999994,-0.8660254037844387,0.06060606060606061,0,4
1992,6,oil,11.933,1992-06-01,1.2246467991473532e-16,-1.0,0.06060606060606061,0,4
1992,7,oil,12.372,1992-07-01,-0.4999999999999997,-0.8660254037844388,0.06060606060606061,0,4
1992,8,oil,12.404,1992-08-01,-0.8660254037844384,-0.5000000000000004,0.06060606060606061,0,4
1992,9,oil,12.824,1992-09-01,-1.0,-1.8369701987210297e-16,0.06060606060606061,0,4
1992,10,oil,13.57,1992-10-01,-0.8660254037844386,0.5000000000000001,0.06060606060606061,0,4
1992,11,oil,12.389,1992-11-01,-0.5000000000000004,0.8660254037844384,0.06060606060606061,0,4
1992,12,oil,13.962,1992-12-01,-2.4492935982947064e-16,1.0,0.06060606060606061,0,4
1993,1,oil,14.345,1993-01-01,0.49999999999999994,0.8660254037844387,0.09090909090909091,0,4
1993,2,oil,12.809,1993-02-01,0.8660254037844386,0.5000000000000001,0.09090909090909091,0,4
1993,3,oil,14.059,1993-03-01,1.0,6.123233995736766e-17,0.09090909090909091,0,4
1993,4,oil,13.478,1993-04-01,0.8660254037844387,-0.4999999999999998,0.09090909090909091,0,4
1993,5,oil,13.146,1993-05-01,0.49999999999999994,-0.8660254037844387,0.09090909090909091,0,4
1993,6,oil,12.051,1993-06-01,1.2246467991473532e-16,-1.0,0.09090909090909091,0,4
1993,7,oil,11.27,1993-07-01,-0.4999999999999997,-0.8660254037844388,0.09090909090909091,0,4
1993,8,oil,12.165,1993-08-01,-0.8660254037844384,-0.5000000000000004,0.09090909090909091,0,4
1993,9,oil,13.881,1993-09-01,-1.0,-1.8369701987210297e-16,0.09090909090909091,0,4
1993,10,oil,14.016,1993-10-01,-0.8660254037844386,0.5000000000000001,0.09090909090909091,0,4
1993,11,oil,13.362,1993-11-01,-0.5000000000000004,0.8660254037844384,0.09090909090909091,0,4
1993,12,oil,14.523,1993-12-01,-2.4492935982947064e-16,1.0,0.09090909090909091,0,4
1994,1,oil,13.906,1994-01-01,0.49999999999999994,0.8660254037844387,0.12121212121212122,0,4
1994,2,oil,13.577,1994-02-01,0.8660254037844386,0.5000000000000001,0.12121212121212122,0,4
1994,3,oil,13.615,1994-03-01,1.0,6.123233995736766e-17,0.12121212121212122,0,4
1994,4,oil,15.664,1994-04-01,0.8660254037844387,-0.4999999999999998,0.12121212121212122,0,4
1994,5,oil,14.307,1994-05-01,0.49999999999999994,-0.8660254037844387,0.12121212121212122,0,4
1994,6,oil,12.734,1994-06-01,1.2246467991473532e-16,-1.0,0.12121212121212122,0,4
1994,7,oil,11.429,1994-07-01,-0.4999999999999997,-0.8660254037844388,0.12121212121212122,0,4
1994,8,oil,14.265,1994-08-01,-0.8660254037844384,-0.5000000000000004,0.12121212121212122,0,4
1994,9,oil,13.518,1994-09-01,-1.0,-1.8369701987210297e-16,0.12121212121212122,0,4
1994,10,oil,13.955,1994-10-01,-0.8660254037844386,0.5000000000000001,0.12121212121212122,0,4
1994,11,oil,13.404,1994-11-01,-0.5000000000000004,0.8660254037844384,0.12121212121212122,0,4
1994,12,oil,13.664,1994-12-01,-2.4492935982947064e-16,1.0,0.12121212121212122,0,4
1995,1,oil,15.402,1995-01-01,0.49999999999999994,0.8660254037844387,0.15151515151515152,0,4
1995,2,oil,12.961,1995-02-01,0.8660254037844386,0.5000000000000001,0.15151515151515152,0,4
1995,3,oil,14.072,1995-03-01,1.0,6.123233995736766e-17,0.15151515151515152,0,4
1995,4,oil,14.362,1995-04-01,0.8660254037844387,-0.4999999999999998,0.15151515151515152,0,4
1995,5,oil,13.335,1995-05-01,0.49999999999999994,-0.8660254037844387,0.15151515151515152,0,4
1995,6,oil,13.79,1995-06-01,1.2246467991473532e-16,-1.0,0.15151515151515152,0,4
1995,7,oil,12.462,1995-07-01,-0.4999999999999997,-0.8660254037844388,0.15151515151515152,0,4
1995,8,oil,14.992,1995-08-01,-0.8660254037844384,-0.5000000000000004,0.15151515151515152,0,4
1995,9,oil,14.157,1995-09-01,-1.0,-1.8369701987210297e-16,0.15151515151515152,0,4
1995,10,oil,13.687,1995-10-01,-0.8660254037844386,0.5000000000000001,0.15151515151515152,0,4
1995,11,oil,15.732,1995-11-01,-0.5000000000000004,0.8660254037844384,0.15151515151515152,0,4
1995,12,oil,15.285,1995-12-01,-2.4492935982947064e-16,1.0,0.15151515151515152,0,4
1996,1,oil,15.963,1996-01-01,0.49999999999999994,0.8660254037844387,0.18181818181818182,0,4
1996,2,oil,14.073,1996-02-01,0.8660254037844386,0.5000000000000001,0.18181818181818182,0,4
1996,3,oil,13.474,1996-03-01,1.0,6.123233995736766e-17,0.18181818181818182,0,4
1996,4,oil,16.429,1996-04-01,0.8660254037844387,-0.4999999999999998,0.18181818181818182,0,4
1996,5,oil,14.032,1996-05-01,0.49999999999999994,-0.8660254037844387,0.18181818181818182,0,4
1996,6,oil,15.197,1996-06-01,1.2246467991473532e-16,-1.0,0.18181818181818182,0,4
1996,7,oil,15.187,1996-07-01,-0.4999999999999997,-0.8660254037844388,0.18181818181818182,0,4
1996,8,oil,16.17,1996-08-01,-0.8660254037844384,-0.5000000000000004,0.18181818181818182,0,4
1996,9,oil,16.903,1996-09-01,-1.0,-1.8369701987210297e-16,0.18181818181818182,0,4
1996,10,oil,15.805,1996-10-01,-0.8660254037844386,0.5000000000000001,0.18181818181818182,0,4
1996,11,oil,16.216,1996-11-01,-0.5000000000000004,0.8660254037844384,0.18181818181818182,0,4
1996,12,oil,15.431,1996-12-01,-2.4492935982947064e-16,1.0,0.18181818181818182,0,4
1997,1,oil,20.124,1997-01-01,0.49999999999999994,0.8660254037844387,0.21212121212121213,0,4
1997,2,oil,15.137,1997-02-01,0.8660254037844386,0.5000000000000001,0.21212121212121213,0,4
1997,3,oil,15.073,1997-03-01,1.0,6.123233995736766e-17,0.21212121212121213,0,4
1997,4,oil,17.159,1997-04-01,0.8660254037844387,-0.4999999999999998,0.21212121212121213,0,4
1997,5,oil,15.814,1997-05-01,0.49999999999999994,-0.8660254037844387,0.21212121212121213,0,4
1997,6,oil,15.583,1997-06-01,1.2246467991473532e-16,-1.0,0.21212121212121213,0,4
1997,7,oil,17.108,1997-07-01,-0.4999999999999997,-0.8660254037844388,0.21212121212121213,0,4
1997,8,oil,15.172,1997-08-01,-0.8660254037844384,-0.5000000000000004,0.21212121212121213,0,4
1997,9,oil,15.101,1997-09-01,-1.0,-1.8369701987210297e-16,0.21212121212121213,0,4
1997,10,oil,16.601,1997-10-01,-0.8660254037844386,0.5000000000000001,0.21212121212121213,0,4
1997,11,oil,16.693,1997-11-01,-0.5000000000000004,0.8660254037844384,0.21212121212121213,0,4
1997,12,oil,17.173,1997-12-01,-2.4492935982947064e-16,1.0,0.21212121212121213,0,4
1998,1,oil,18.325,1998-01-01,0.49999999999999994,0.8660254037844387,0.24242424242424243,0,4
1998,2,oil,14.566,1998-02-01,0.8660254037844386,0.5000000000000001,0.24242424242424243,0,4
1998,3,oil,17.234,1998-03-01,1.0,6.123233995736766e-17,0.24242424242424243,0,4
1998,4,oil,15.643,1998-04-01,0.8660254037844387,-0.4999999999999998,0.24242424242424243,0,4
1998,5,oil,15.8,1998-05-01,0.49999999999999994,-0.8660254037844387,0.24242424242424243,0,4
1998,6,oil,15.1,1998-06-01,1.2246467991473532e-16,-1.0,0.24242424242424243,0,4
1998,7,oil,15.095,1998-07-01,-0.4999999999999997,-0.8660254037844388,0.24242424242424243,0,4
1998,8,oil,16.233,1998-08-01,-0.8660254037844384,-0.5000000000000004,0.24242424242424243,0,4
1998,9,oil,17.258,1998-09-01,-1.0,-1.8369701987210297e-16,0.24242424242424243,0,4
1998,10,oil,18.554,1998-10-01,-0.8660254037844386,0.5000000000000001,0.24242424242424243,0,4
1998,11,oil,14.988,1998-11-01,-0.5000000000000004,0.8660254037844384,0.24242424242424243,0,4
1998,12,oil,18.245,1998-12-01,-2.4492935982947064e-16,1.0,0.24242424242424243,0,4
1999,1,oil,17.929,1999-01-01,0.49999999999999994,0.8660254037844387,0.2727272727272727,0,4
1999,2,oil,16.782,1999-02-01,0.8660254037844386,0.5000000000000001,0.2727272727272727,0,4
1999,3,oil,16.245,1999-03-01,1.0,6.123233995736766e-17,0.2727272727272727,0,4
1999,4,oil,17.766,1999-04-01,0.8660254037844387,-0.4999999999999998,0.2727272727272727,0,4
1999,5,oil,16.507,1999-05-01,0.49999999999999994,-0.8660254037844387,0.2727272727272727,0,4
1999,6,oil,15.916,1999-06-01,1.2246467991473532e-16,-1.0,0.2727272727272727,0,4
1999,7,oil,16.609,1999-07-01,-0.4999999999999997,-0.8660254037844388,0.2727272727272727,0,4
1999,8,oil,17.377,1999-08-01,-0.8660254037844384,-0.5000000000000004,0.2727272727272727,0,4
1999,9,oil,12.257,1999-09-01,-1.0,-1.8369701987210297e-16,0.2727272727272727,0,4
1999,10,oil,16.881,1999-10-01,-0.8660254037844386,0.5000000000000001,0.2727272727272727,0,4
1999,11,oil,15.837,1999-11-01,-0.5000000000000004,0.8660254037844384,0.2727272727272727,0,4
1999,12,oil,17.564,1999-12-01,-2.4492935982947064e-16,1.0,0.2727272727272727,0,4
2000,1,oil,18.869,2000-01-01,0.49999999999999994,0.8660254037844387,0.30303030303030304,0,4
2000,2,oil,17.962,2000-02-01,0.8660254037844386,0.5000000000000001,0.30303030303030304,0,4
2000,3,oil,17.805,2000-03-01,1.0,6.123233995736766e-17,0.30303030303030304,0,4
2000,4,oil,16.628,2000-04-01,0.8660254037844387,-0.4999999999999998,0.30303030303030304,0,4
2000,5,oil,17.551,2000-05-01,0.49999999999999994,-0.8660254037844387,0.30303030303030304,0,4
2000,6,oil,16.251,2000-06-01,1.2246467991473532e-16,-1.0,0.30303030303030304,0,4
2000,7,oil,17.324,2000-07-01,-0.4999999999999997,-0.8660254037844388,0.30303030303030304,0,4
2000,8,oil,17.352,2000-08-01,-0.8660254037844384,-0.5000000000000004,0.30303030303030304,0,4
2000,9,oil,17.167,2000-09-01,-1.0,-1.8369701987210297e-16,0.30303030303030304,0,4
2000,10,oil,19.503,2000-10-01,-0.8660254037844386,0.5000000000000001,0.30303030303030304,0,4
2000,11,oil,17.31,2000-11-01,-0.5000000000000004,0.8660254037844384,0.30303030303030304,0,4
2000,12,oil,18.003,2000-12-01,-2.4492935982947064e-16,1.0,0.30303030303030304,0,4
2001,1,oil,19.385,2001-01-01,0.49999999999999994,0.8660254037844387,0.3333333333333333,0,4
2001,2,oil,15.806,2001-02-01,0.8660254037844386,0.5000000000000001,0.3333333333333333,0,4
2001,3,oil,18.37,2001-03-01,1.0,6.123233995736766e-17,0.3333333333333333,0,4
2001,4,oil,19.149,2001-04-01,0.8660254037844387,-0.4999999999999998,0.3333333333333333,0,4
2001,5,oil,15.859,2001-05-01,0.49999999999999994,-0.8660254037844387,0.3333333333333333,0,4
2001,6,oil,18.291,2001-06-01,1.2246467991473532e-16,-1.0,0.3333333333333333,0,4
2001,7,oil,16.568,2001-07-01,-0.4999999999999997,-0.8660254037844388,0.3333333333333333,0,4
2001,8,oil,18.792,2001-08-01,-0.8660254037844384,-0.5000000000000004,0.3333333333333333,0,4
2001,9,oil,17.807,2001-09-01,-1.0,-1.8369701987210297e-16,0.3333333333333333,0,4
2001,10,oil,18.351,2001-10-01,-0.8660254037844386,0.5000000000000001,0.3333333333333333,0,4
2001,11,oil,18.595,2001-11-01,-0.5000000000000004,0.8660254037844384,0.3333333333333333,0,4
2001,12,oil,18.142,2001-12-01,-2.4492935982947064e-16,1.0,0.3333333333333333,0,4
2002,1,oil,18.396,2002-01-01,0.49999999999999994,0.8660254037844387,0.36363636363636365,0,4
2002,2,oil,17.804,2002-02-01,0.8660254037844386,0.5000000000000001,0.36363636363636365,0,4
2002,3,oil,19.593,2002-03-01,1.0,6.123233995736766e-17,0.36363636363636365,0,4
2002,4,oil,16.668,2002-04-01,0.8660254037844387,-0.4999999999999998,0.36363636363636365,0,4
2002,5,oil,18.816,2002-05-01,0.49999999999999994,-0.8660254037844387,0.36363636363636365,0,4
2002,6,oil,19.341,2002-06-01,1.2246467991473532e-16,-1.0,0.36363636363636365,0,4
2002,7,oil,16.44,2002-07-01,-0.4999999999999997,-0.8660254037844388,0.36363636363636365,0,4
2002,8,oil,19.462,2002-08-01,-0.8660254037844384,-0.5000000000000004,0.36363636363636365,0,4
2002,9,oil,17.135,2002-09-01,-1.0,-1.8369701987210297e-16,0.36363636363636365,0,4
2002,10,oil,18.039,2002-10-01,-0.8660254037844386,0.5000000000000001,0.36363636363636365,0,4
2002,11,oil,19.694,2002-11-01,-0.5000000000000004,0.8660254037844384,0.36363636363636365,0,4
2002,12,oil,19.388,2002-12-01,-2.4492935982947064e-16,1.0,0.36363636363636365,0,4
2003,1,oil,20.945,2003-01-01,0.49999999999999994,0.8660254037844387,0.3939393939393939,0,4
2003,2,oil,19.245,2003-02-01,0.8660254037844386,0.5000000000000001,0.3939393939393939,0,4
2003,3,oil,17.843,2003-03-01,1.0,6.123233995736766e-17,0.3939393939393939,0,4
2003,4,oil,19.45,2003-04-01,0.8660254037844387,-0.4999999999999998,0.3939393939393939,0,4
2003,5,oil,19.406,2003-05-01,0.49999999999999994,-0.8660254037844387,0.3939393939393939,0,4
2003,6,oil,17.05,2003-06-01,1.2246467991473532e-16,-1.0,0.3939393939393939,0,4
2003,7,oil,17.274,2003-07-01,-0.4999999999999997,-0.8660254037844388,0.3939393939393939,0,4
2003,8,oil,20.388,2003-08-01,-0.8660254037844384,-0.5000000000000004,0.3939393939393939,0,4
2003,9,oil,17.774,2003-09-01,-1.0,-1.8369701987210297e-16,0.3939393939393939,0,4
2003,10,oil,19.482,2003-10-01,-0.8660254037844386,0.5000000000000001,0.3939393939393939,0,4
2003,11,oil,18.18,2003-11-01,-0.5000000000000004,0.8660254037844384,0.3939393939393939,0,4
2003,12,oil,20.512,2003-12-01,-2.4492935982947064e-16,1.0,0.3939393939393939,0,4
2004,1,oil,19.561,2004-01-01,0.49999999999999994,0.8660254037844387,0.42424242424242425,0,4
2004,2,oil,17.423,2004-02-01,0.8660254037844386,0.5000000000000001,0.42424242424242425,0,4
2004,3,oil,22.134,2004-03-01,1.0,6.123233995736766e-17,0.42424242424242425,0,4
2004,4,oil,19.848,2004-04-01,0.8660254037844387,-0.4999999999999998,0.42424242424242425,0,4
2004,5,oil,18.737,2004-05-01,0.49999999999999994,-0.8660254037844387,0.42424242424242425,0,4
2004,6,oil,19.892,2004-06-01,1.2246467991473532e-16,-1.0,0.42424242424242425,0,4
2004,7,oil,19.46,2004-07-01,-0.4999999999999997,-0.8660254037844388,0.42424242424242425,0,4
2004,8,oil,18.632,2004-08-01,-0.8660254037844384,-0.5000000000000004,0.42424242424242425,0,4
2004,9,oil,20.024,2004-09-01,-1.0,-1.8369701987210297e-16,0.42424242424242425,0,4
2004,10,oil,20.997,2004-10-01,-0.8660254037844386,0.5000000000000001,0.42424242424242425,0,4
2004,11,oil,21.991,2004-11-01,-0.5000000000000004,0.8660254037844384,0.42424242424242425,0,4
2004,12,oil,20.416,2004-12-01,-2.4492935982947064e-16,1.0,0.42424242424242425,0,4
2005,1,oil,22.257,2005-01-01,0.49999999999999994,0.8660254037844387,0.45454545454545453,0,4
2005,2,oil,21.336,2005-02-01,0.8660254037844386,0.5000000000000001,0.45454545454545453,0,4
2005,3,oil,20.691,2005-03-01,1.0,6.123233995736766e-17,0.45454545454545453,0,4
2005,4,oil,20.171,2005-04-01,0.8660254037844387,-0.4999999999999998,0.45454545454545453,0,4
2005,5,oil,19.138,2005-05-01,0.49999999999999994,-0.8660254037844387,0.45454545454545453,0,4
2005,6,oil,19.083,2005-06-01,1.2246467991473532e-16,-1.0,0.45454545454545453,0,4
2005,7,oil,20.953,2005-07-01,-0.4999999999999997,-0.8660254037844388,0.45454545454545453,0,4
2005,8,oil,18.73,2005-08-01,-0.8660254037844384,-0.5000000000000004,0.45454545454545453,0,4
2005,9,oil,21.592,2005-09-01,-1.0,-1.8369701987210297e-16,0.45454545454545453,0,4
2005,10,oil,22.898,2005-10-01,-0.8660254037844386,0.5000000000000001,0.45454545454545453,0,4
2005,11,oil,20.695,2005-11-01,-0.5000000000000004,0.8660254037844384,0.45454545454545453,0,4
2005,12,oil,20.679,2005-12-01,-2.4492935982947064e-16,1.0,0.45454545454545453,0,4
2006,1,oil,23.836,2006-01-01,0.49999999999999994,0.8660254037844387,0.48484848484848486,0,4
2006,2,oil,19.97,2006-02-01,0.8660254037844386,0.5000000000000001,0.48484848484848486,0,4
2006,3,oil,24.137,2006-03-01,1.0,6.123233995736766e-17,0.48484848484848486,0,4
2006,4,oil,23.475,2006-04-01,0.8660254037844387,-0.4999999999999998,0.48484848484848486,0,4
2006,5,oil,22.924,2006-05-01,0.49999999999999994,-0.8660254037844387,0.48484848484848486,0,4
2006,6,oil,20.193,2006-06-01,1.2246467991473532e-16,-1.0,0.48484848484848486,0,4
2006,7,oil,21.093,2006-07-01,-0.4999999999999997,-0.8660254037844388,0.48484848484848486,0,4
2006,8,oil,24.56,2006-08-01,-0.8660254037844384,-0.5000000000000004,0.48484848484848486,0,4
2006,9,oil,22.586,2006-09-01,-1.0,-1.8369701987210297e-16,0.48484848484848486,0,4
2006,10,oil,21.854,2006-10-01,-0.8660254037844386,0.5000000000000001,0.48484848484848486,0,4
2006,11,oil,24.004,2006-11-01,-0.5000000000000004,0.8660254037844384,0.48484848484848486,0,4
2006,12,oil,24.022,2006-12-01,-2.4492935982947064e-16,1.0,0.48484848484848486,0,4
2007,1,oil,24.098,2007-01-01,0.49999999999999994,0.8660254037844387,0.5151515151515151,0,4
2007,2,oil,23.448,2007-02-01,0.8660254037844386,0.5000000000000001,0.5151515151515151,0,4
2007,3,oil,23.271,2007-03-01,1.0,6.123233995736766e-17,0.5151515151515151,0,4
2007,4,oil,21.833,2007-04-01,0.8660254037844387,-0.4999999999999998,0.5151515151515151,0,4
2007,5,oil,23.229,2007-05-01,0.49999999999999994,-0.8660254037844387,0.5151515151515151,0,4
2007,6,oil,20.379,2007-06-01,1.2246467991473532e-16,-1.0,0.5151515151515151,0,4
2007,7,oil,23.631,2007-07-01,-0.4999999999999997,-0.8660254037844388,0.5151515151515151,0,4
2007,8,oil,21.667,2007-08-01,-0.8660254037844384,-0.5000000000000004,0.5151515151515151,0,4
2007,9,oil,20.554,2007-09-01,-1.0,-1.8369701987210297e-16,0.5151515151515151,0,4
2007,10,oil,21.36,2007-10-01,-0.8660254037844386,0.5000000000000001,0.5151515151515151,0,4
2007,11,oil,25.504,2007-11-01,-0.5000000000000004,0.8660254037844384,0.5151515151515151,0,4
2007,12,oil,23.578,2007-12-01,-2.4492935982947064e-16,1.0,0.5151515151515151,0,4
2008,1,oil,24.389,2008-01-01,0.49999999999999994,0.8660254037844387,0.5454545454545454,0,4
2008,2,oil,21.108,2008-02-01,0.8660254037844386,0.5000000000000001,0.5454545454545454,0,4
2008,3,oil,23.224,2008-03-01,1.0,6.123233995736766e-17,0.5454545454545454,0,4
2008,4,oil,19.985,2008-04-01,0.8660254037844387,-0.4999999999999998,0.5454545454545454,0,4
2008,5,oil,23.892,2008-05-01,0.49999999999999994,-0.8660254037844387,0.5454545454545454,0,4
2008,6,oil,21.945,2008-06-01,1.2246467991473532e-16,-1.0,0.5454545454545454,0,4
2008,7,oil,21.316,2008-07-01,-0.4999999999999997,-0.8660254037844388,0.5454545454545454,0,4
2008,8,oil,24.048,2008-08-01,-0.8660254037844384,-0.5000000000000004,0.5454545454545454,0,4
2008,9,oil,23.458,2008-09-01,-1.0,-1.8369701987210297e-16,0.5454545454545454,0,4
2008,10,oil,22.715,2008-10-01,-0.8660254037844386,0.5000000000000001,0.5454545454545454,0,4
2008,11,oil,21.168,2008-11-01,-0.5000000000000004,0.8660254037844384,0.5454545454545454,0,4
2008,12,oil,24.668,2008-12-01,-2.4492935982947064e-16,1.0,0.5454545454545454,0,4
2009,1,oil,24.751,2009-01-01,0.49999999999999994,0.8660254037844387,0.5757575757575758,0,4
2009,2,oil,22.973,2009-02-01,0.8660254037844386,0.5000000000000001,0.5757575757575758,0,4
2009,3,oil,25.302,2009-03-01,1.0,6.123233995736766e-17,0.5757575757575758,0,4
2009,4,oil,24.067,2009-04-01,0.8660254037844387,-0.4999999999999998,0.5757575757575758,0,4
2009,5,oil,25.216,2009-05-01,0.49999999999999994,-0.8660254037844387,0.5757575757575758,0,4
2009,6,oil,25.071,2009-06-01,1.2246467991473532e-16,-1.0,0.5757575757575758,0,4
2009,7,oil,23.912,2009-07-01,-0.4999999999999997,-0.8660254037844388,0.5757575757575758,0,4
2009,8,oil,25.166,2009-08-01,-0.8660254037844384,-0.5000000000000004,0.5757575757575758,0,4
2009,9,oil,21.537,2009-09-01,-1.0,-1.8369701987210297e-16,0.5757575757575758,0,4
2009,10,oil,24.187,2009-10-01,-0.8660254037844386,0.5000000000000001,0.5757575757575758,0,4
2009,11,oil,23.438,2009-11-01,-0.5000000000000004,0.8660254037844384,0.5757575757575758,0,4
2009,12,oil,26.199,2009-12-01,-2.4492935982947064e-16,1.0,0.5757575757575758,0,4
2010,1,oil,25.975,2010-01-01,0.49999999999999994,0.8660254037844387,0.6060606060606061,0,4
2010,2,oil,23.217,2010-02-01,0.8660254037844386,0.5000000000000001,0.6060606060606061,0,4
2010,3,oil,24.388,2010-03-01,1.0,6.123233995736766e-17,0.6060606060606061,0,4
2010,4,oil,24.593,2010-04-01,0.8660254037844387,-0.4999999999999998,0.6060606060606061,0,4
2010,5,oil,25.461,2010-05-01,0.49999999999999994,-0.8660254037844387,0.6060606060606061,0,4
2010,6,oil,22.968,2010-06-01,1.2246467991473532e-16,-1.0,0.6060606060606061,0,4
2010,7,oil,25.514,2010-07-01,-0.4999999999999997,-0.8660254037844388,0.6060606060606061,0,4
2010,8,oil,23.503,2010-08-01,-0.8660254037844384,-0.5000000000000004,0.6060606060606061,0,4
2010,9,oil,24.368,2010-09-01,-1.0,-1.8369701987210297e-16,0.6060606060606061,0,4
2010,10,oil,28.821,2010-10-01,-0.8660254037844386,0.5000000000000001,0.6060606060606061,0,4
2010,11,oil,25.139,2010-11-01,-0.5000000000000004,0.8660254037844384,0.6060606060606061,0,4
2010,12,oil,27.347,2010-12-01,-2.4492935982947064e-16,1.0,0.6060606060606061,0,4
2011,1,oil,25.283,2011-01-01,0.49999999999999994,0.8660254037844387,0.6363636363636364,0,4
2011,2,oil,26.202,2011-02-01,0.8660254037844386,0.5000000000000001,0.6363636363636364,0,4
2011,3,oil,25.307,2011-03-01,1.0,6.123233995736766e-17,0.6363636363636364,0,4
2011,4,oil,24.151,2011-04-01,0.8660254037844387,-0.4999999999999998,0.6363636363636364,0,4
2011,5,oil,26.789,2011-05-01,0.49999999999999994,-0.8660254037844387,0.6363636363636364,0,4
2011,6,oil,21.448,2011-06-01,1.2246467991473532e-16,-1.0,0.6363636363636364,0,4
2011,7,oil,24.657,2011-07-01,-0.4999999999999997,-0.8660254037844388,0.6363636363636364,0,4
2011,8,oil,27.228,2011-08-01,-0.8660254037844384,-0.5000000000000004,0.6363636363636364,0,4
2011,9,oil,27.221,2011-09-01,-1.0,-1.8369701987210297e-16,0.6363636363636364,0,4
2011,10,oil,29.698,2011-10-01,-0.8660254037844386,0.5000000000000001,0.6363636363636364,0,4
2011,11,oil,27.725,2011-11-01,-0.5000000000000004,0.8660254037844384,0.6363636363636364,0,4
2011,12,oil,27.351,2011-12-01,-2.4492935982947064e-16,1.0,0.6363636363636364,0,4
2012,1,oil,28.241,2012-01-01,0.49999999999999994,0.8660254037844387,0.6666666666666666,0,4
2012,2,oil,27.14,2012-02-01,0.8660254037844386,0.5000000000000001,0.6666666666666666,0,4
2012,3,oil,27.698,2012-03-01,1.0,6.123233995736766e-17,0.6666666666666666,0,4
2012,4,oil,27.512,2012-04-01,0.8660254037844387,-0.4999999999999998,0.6666666666666666,0,4
2012,5,oil,28.925,2012-05-01,0.49999999999999994,-0.8660254037844387,0.6666666666666666,0,4
2012,6,oil,28.193,2012-06-01,1.2246467991473532e-16,-1.0,0.6666666666666666,0,4
2012,7,oil,28.013,2012-07-01,-0.4999999999999997,-0.8660254037844388,0.6666666666666666,0,4
2012,8,oil,25.588,2012-08-01,-0.8660254037844384,-0.5000000000000004,0.6666666666666666,0,4
2012,9,oil,28.206,2012-09-01,-1.0,-1.8369701987210297e-16,0.6666666666666666,0,4
2012,10,oil,30.142,2012-10-01,-0.8660254037844386,0.5000000000000001,0.6666666666666666,0,4
2012,11,oil,26.307,2012-11-01,-0.5000000000000004,0.8660254037844384,0.6666666666666666,0,4
2012,12,oil,27.049,2012-12-01,-2.4492935982947064e-16,1.0,0.6666666666666666,0,4
2013,1,oil,29.786,2013-01-01,0.49999999999999994,0.8660254037844387,0.696969696969697,0,4
2013,2,oil,28.912,2013-02-01,0.8660254037844386,0.5000000000000001,0.696969696969697,0,4
2013,3,oil,29.502,2013-03-01,1.0,6.123233995736766e-17,0.696969696969697,0,4
2013,4,oil,26.071,2013-04-01,0.8660254037844387,-0.4999999999999998,0.696969696969697,0,4
2013,5,oil,28.426,2013-05-01,0.49999999999999994,-0.8660254037844387,0.696969696969697,0,4
2013,6,oil,22.306,2013-06-01,1.2246467991473532e-16,-1.0,0.696969696969697,0,4
2013,7,oil,26.076,2013-07-01,-0.4999999999999997,-0.8660254037844388,0.696969696969697,0,4
2013,8,oil,25.861,2013-08-01,-0.8660254037844384,-0.5000000000000004,0.696969696969697,0,4
2013,9,oil,25.509,2013-09-01,-1.0,-1.8369701987210297e-16,0.696969696969697,0,4
2013,10,oil,28.94,2013-10-01,-0.8660254037844386,0.5000000000000001,0.696969696969697,0,4
2013,11,oil,30.009,2013-11-01,-0.5000000000000004,0.8660254037844384,0.696969696969697,0,4
2013,12,oil,31.477,2013-12-01,-2.4492935982947064e-16,1.0,0.696969696969697,0,4
2014,1,oil,32.192,2014-01-01,0.49999999999999994,0.8660254037844387,0.7272727272727273,0,4
2014,2,oil,30.332,2014-02-01,0.8660254037844386,0.5000000000000001,0.7272727272727273,0,4
2014,3,oil,30.818,2014-03-01,1.0,6.123233995736766e-17,0.7272727272727273,0,4
2014,4,oil,31.886,2014-04-01,0.8660254037844387,-0.4999999999999998,0.7272727272727273,0,4
2014,5,oil,28.949,2014-05-01,0.49999999999999994,-0.8660254037844387,0.7272727272727273,0,4
2014,6,oil,28.102,2014-06-01,1.2246467991473532e-16,-1.0,0.7272727272727273,0,4
2014,7,oil,28.647,2014-07-01,-0.4999999999999997,-0.8660254037844388,0.7272727272727273,0,4
2014,8,oil,27.966,2014-08-01,-0.8660254037844384,-0.5000000000000004,0.7272727272727273,0,4
2014,9,oil,23.793,2014-09-01,-1.0,-1.8369701987210297e-16,0.7272727272727273,0,4
2014,10,oil,32.922,2014-10-01,-0.8660254037844386,0.5000000000000001,0.7272727272727273,0,4
2014,11,oil,30.737,2014-11-01,-0.5000000000000004,0.8660254037844384,0.7272727272727273,0,4
2014,12,oil,32.103,2014-12-01,-2.4492935982947064e-16,1.0,0.7272727272727273,0,4
2015,1,oil,30.195,2015-01-01,0.49999999999999994,0.8660254037844387,0.7575757575757576,0,4
2015,2,oil,27.585,2015-02-01,0.8660254037844386,0.5000000000000001,0.7575757575757576,0,4
2015,3,oil,30.477,2015-03-01,1.0,6.123233995736766e-17,0.7575757575757576,0,4
2015,4,oil,29.907,2015-04-01,0.8660254037844387,-0.4999999999999998,0.7575757575757576,0,4
2015,5,oil,30.476,2015-05-01,0.49999999999999994,-0.8660254037844387,0.7575757575757576,0,4
2015,6,oil,26.696,2015-06-01,1.2246467991473532e-16,-1.0,0.7575757575757576,0,4
2015,7,oil,31.156,2015-07-01,-0.4999999999999997,-0.8660254037844388,0.7575757575757576,0,4
2015,8,oil,31.958,2015-08-01,-0.8660254037844384,-0.5000000000000004,0.7575757575757576,0,4
2015,9,oil,29.441,2015-09-01,-1.0,-1.8369701987210297e-16,0.7575757575757576,0,4
2015,10,oil,32.053,2015-10-01,-0.8660254037844386,0.5000000000000001,0.7575757575757576,0,4
2015,11,oil,26.908,2015-11-01,-0.5000000000000004,0.8660254037844384,0.7575757575757576,0,4
2015,12,oil,32.581,2015-12-01,-2.4492935982947064e-16,1.0,0.7575757575757576,0,4
2016,1,oil,31.533,2016-01-01,0.49999999999999994,0.8660254037844387,0.7878787878787878,0,4
2016,2,oil,27.182,2016-02-01,0.8660254037844386,0.5000000000000001,0.7878787878787878,0,4
2016,3,oil,29.505,2016-03-01,1.0,6.123233995736766e-17,0.7878787878787878,0,4
2016,4,oil,32.128,2016-04-01,0.8660254037844387,-0.4999999999999998,0.7878787878787878,0,4
2016,5,oil,30.883,2016-05-01,0.49999999999999994,-0.8660254037844387,0.7878787878787878,0,4
2016,6,oil,30.223,2016-06-01,1.2246467991473532e-16,-1.0,0.7878787878787878,0,4
2016,7,oil,30.564,2016-07-01,-0.4999999999999997,-0.8660254037844388,0.7878787878787878,0,4
2016,8,oil,32.678,2016-08-01,-0.8660254037844384,-0.5000000000000004,0.7878787878787878,0,4
2016,9,oil,27.548,2016-09-01,-1.0,-1.8369701987210297e-16,0.7878787878787878,0,4
2016,10,oil,33.108,2016-10-01,-0.8660254037844386,0.5000000000000001,0.7878787878787878,0,4
2016,11,oil,32.712,2016-11-01,-0.5000000000000004,0.8660254037844384,0.7878787878787878,0,4
2016,12,oil,34.537,2016-12-01,-2.4492935982947064e-16,1.0,0.7878787878787878,0,4
2017,1,oil,35.21,2017-01-01,0.49999999999999994,0.8660254037844387,0.8181818181818182,0,4
2017,2,oil,32.919,2017-02-01,0.8660254037844386,0.5000000000000001,0.8181818181818182,0,4
2017,3,oil,33.322,2017-03-01,1.0,6.123233995736766e-17,0.8181818181818182,0,4
2017,4,oil,28.567,2017-04-01,0.8660254037844387,-0.4999999999999998,0.8181818181818182,0,4
2017,5,oil,32.787,2017-05-01,0.49999999999999994,-0.8660254037844387,0.8181818181818182,0,4
2017,6,oil,30.634,2017-06-01,1.2246467991473532e-16,-1.0,0.8181818181818182,0,4
2017,7,oil,31.905,2017-07-01,-0.4999999999999997,-0.8660254037844388,0.8181818181818182,0,4
2017,8,oil,32.122,2017-08-01,-0.8660254037844384,-0.5000000000000004,0.8181818181818182,0,4
2017,9,oil,31.791,2017-09-01,-1.0,-1.8369701987210297e-16,0.8181818181818182,0,4
2017,10,oil,35.797,2017-10-01,-0.8660254037844386,0.5000000000000001,0.8181818181818182,0,4
2017,11,oil,28.162,2017-11-01,-0.5000000000000004,0.8660254037844384,0.8181818181818182,0,4
2017,12,oil,33.826,2017-12-01,-2.4492935982947064e-16,1.0,0.8181818181818182,0,4
2018,1,oil,33.403,2018-01-01,0.49999999999999994,0.8660254037844387,0.8484848484848485,0,4
2018,2,oil,29.874,2018-02-01,0.8660254037844386,0.5000000000000001,0.8484848484848485,0,4
2018,3,oil,32.402,2018-03-01,1.0,6.123233995736766e-17,0.8484848484848485,0,4
2018,4,oil,33.848,2018-04-01,0.8660254037844387,-0.4999999999999998,0.8484848484848485,0,4
2018,5,oil,32.769,2018-05-01,0.49999999999999994,-0.8660254037844387,0.8484848484848485,0,4
2018,6,oil,31.107,2018-06-01,1.2246467991473532e-16,-1.0,0.8484848484848485,0,4
2018,7,oil,30.954,2018-07-01,-0.4999999999999997,-0.8660254037844388,0.8484848484848485,0,4
2018,8,oil,30.821,2018-08-01,-0.8660254037844384,-0.5000000000000004,0.8484848484848485,0,4
2018,9,oil,35.211,2018-09-01,-1.0,-1.8369701987210297e-16,0.8484848484848485,0,4
2018,10,oil,33.085,2018-10-01,-0.8660254037844386,0.5000000000000001,0.8484848484848485,0,4
2018,11,oil,37.496,2018-11-01,-0.5000000000000004,0.8660254037844384,0.8484848484848485,0,4
2018,12,oil,35.489,2018-12-01,-2.4492935982947064e-16,1.0,0.8484848484848485,0,4
2019,1,oil,34.953,2019-01-01,0.49999999999999994,0.8660254037844387,0.8787878787878788,0,4
2019,2,oil,29.914,2019-02-01,0.8660254037844386,0.5000000000000001,0.8787878787878788,0,4
2019,3,oil,36.928,2019-03-01,1.0,6.123233995736766e-17,0.8787878787878788,0,4
2019,4,oil,32.82,2019-04-01,0.8660254037844387,-0.4999999999999998,0.8787878787878788,0,4
2019,5,oil,31.889,2019-05-01,0.49999999999999994,-0.8660254037844387,0.8787878787878788,0,4
2019,6,oil,34.779,2019-06-01,1.2246467991473532e-16,-1.0,0.8787878787878788,0,4
2019,7,oil,33.548,2019-07-01,-0.4999999999999997,-0.8660254037844388,0.8787878787878788,0,4
2019,8,oil,34.563,2019-08-01,-0.8660254037844384,-0.5000000000000004,0.8787878787878788,0,4
2019,9,oil,32.35,2019-09-01,-1.0,-1.8369701987210297e-16,0.8787878787878788,0,4
2019,10,oil,35.84,2019-10-01,-0.8660254037844386,0.5000000000000001,0.8787878787878788,0,4
2019,11,oil,39.176,2019-11-01,-0.5000000000000004,0.8660254037844384,0.8787878787878788,0,4
2019,12,oil,38.244,2019-12-01,-2.4492935982947064e-16,1.0,0.8787878787878788,0,4
2020,1,oil,30.299,2020-01-01,0.49999999999999994,0.8660254037844387,0.9090909090909091,0,4
2020,2,oil,29.779,2020-02-01,0.8660254037844386,0.5000000000000001,0.9090909090909091,0,4
2020,3,oil,30.143,2020-03-01,1.0,6.123233995736766e-17,0.9090909090909091,0,4
2020,4,oil,31.716,2020-04-01,0.8660254037844387,-0.4999999999999998,0.9090909090909091,0,4
2020,5,oil,30.6,2020-05-01,0.49999999999999994,-0.8660254037844387,0.9090909090909091,0,4
2020,6,oil,28.382,2020-06-01,1.2246467991473532e-16,-1.0,0.9090909090909091,0,4
2020,7,oil,29.097,2020-07-01,-0.4999999999999997,-0.8660254037844388,0.9090909090909091,0,4
2020,8,oil,27.295,2020-08-01,-0.8660254037844384,-0.5000000000000004,0.9090909090909091,0,4
2020,9,oil,34.514,2020-09-01,-1.0,-1.8369701987210297e-16,0.9090909090909091,0,4
2020,10,oil,29.616,2020-10-01,-0.8660254037844386,0.5000000000000001,0.9090909090909091,0,4
2020,11,oil,31.869,2020-11-01,-0.5000000000000004,0.8660254037844384,0.9090909090909091,0,4
2020,12,oil,34.525,2020-12-01,-2.4492935982947064e-16,1.0,0.9090909090909091,0,4
2021,1,oil,33.826,2021-01-01,0.49999999999999994,0.8660254037844387,0.9393939393939394,0,4
2021,2,oil,30.867,2021-02-01,0.8660254037844386,0.5000000000000001,0.9393939393939394,0,4
2021,3,oil,33.726,2021-03-01,1.0,6.123233995736766e-17,0.9393939393939394,0,4
2021,4,oil,34.599,2021-04-01,0.8660254037844387,-0.4999999999999998,0.9393939393939394,0,4
2021,5,oil,32.438,2021-05-01,0.49999999999999994,-0.8660254037844387,0.9393939393939394,0,4
2021,6,oil,29.317,2021-06-01,1.2246467991473532e-16,-1.0,0.9393939393939394,0,4
2021,7,oil,32.037,2021-07-01,-0.4999999999999997,-0.8660254037844388,0.9393939393939394,0,4
2021,8,oil,32.038,2021-08-01,-0.8660254037844384,-0.5000000000000004,0.9393939393939394,0,4
2021,9,oil,32.082,2021-09-01,-1.0,-1.8369701987210297e-16,0.9393939393939394,0,4
2021,10,oil,30.966,2021-10-01,-0.8660254037844386,0.5000000000000001,0.9393939393939394,0,4
2021,11,oil,28.765,2021-11-01,-0.5000000000000004,0.8660254037844384,0.9393939393939394,0,4
2021,12,oil,33.462,2021-12-01,-2.4492935982947064e-16,1.0,0.9393939393939394,0,4
2022,1,oil,37.058,2022-01-01,0.49999999999999994,0.8660254037844387,0.9696969696969697,0,4
2022,2,oil,34.36,2022-02-01,0.8660254037844386,0.5000000000000001,0.9696969696969697,0,4
2022,3,oil,37.453,2022-03-01,1.0,6.123233995736766e-17,0.9696969696969697,0,4
2022,4,oil,37.122,2022-04-01,0.8660254037844387,-0.4999999999999998,0.9696969696969697,0,4
2022,5,oil,34.586,2022-05-01,0.49999999999999994,-0.8660254037844387,0.9696969696969697,0,4
2022,6,oil,33.701,2022-06-01,1.2246467991473532e-16,-1.0,0.9696969696969697,0,4
2022,7,oil,33.147,2022-07-01,-0.4999999999999997,-0.8660254037844388,0.9696969696969697,0,4
2022,8,oil,38.202,2022-08-01,-0.8660254037844384,-0.5000000000000004,0.9696969696969697,0,4
2022,9,oil,35.826,2022-09-01,-1.0,-1.8369701987210297e-16,0.9696969696969697,0,4
2022,10,oil,39.316,2022-10-01,-0.8660254037844386,0.5000000000000001,0.9696969696969697,0,4
2022,11,oil,39.841,2022-11-01,-0.5000000000000004,0.8660254037844384,0.9696969696969697,0,4
2022,12,oil,38.689,2022-12-01,-2.4492935982947064e-16,1.0,0.9696969696969697,0,4
2023,1,oil,37.182,2023-01-01,0.49999999999999994,0.8660254037844387,1.0,0,4
2023,2,oil,37.019,2023-02-01,0.8660254037844386,0.5000000000000001,1.0,0,4
2023,3,oil,37.719,2023-03-01,1.0,6.123233995736766e-17,1.0,0,4
2023,4,oil,34.8,2023-04-01,0.8660254037844387,-0.4999999999999998,1.0,0,4
2023,5,oil,34.748,2023-05-01,0.49999999999999994,-0.8660254037844387,1.0,0,4
2023,6,oil,36.462,2023-06-01,1.2246467991473532e-16,-1.0,1.0,0,4
2023,7,oil,36.709,2023-07-01,-0.4999999999999997,-0.8660254037844388,1.0,0,4
2023,8,oil,36.612,2023-08-01,-0.8660254037844384,-0.5000000000000004,1.0,0,4
2023,9,oil,36.989,2023-09-01,-1.0,-1.8369701987210297e-16,1.0,0,4
2023,10,oil,42.324,2023-10-01,-0.8660254037844386,0.5000000000000001,1.0,0,4
2023,11,oil,40.345,2023-11-01,-0.5000000000000004,0.8660254037844384,1.0,0,4
2023,12,oil,39.108,2023-12-01,-2.4492935982947064e-16,1.0,1.0,0,4
